分区,位置,段号,商品名,货号
OTC,A1,1,洁尔阴洗液(恩威)ZM,02004340
OTC,A1,2,复方氯己定含漱液（金口馨）,01003096
OTC,A1,3,硼酸洗液（信龙）,01004756
OTC,A1,4,甲硝唑氯己定洗剂（纤如意）HC,01005116
OTC,A1,5,甲硝唑氯己定洗剂（伊人）YF,01003035
OTC,A1,6,聚维酮碘溶液（美尔杰）（特格尔）,01002801
OTC,A1,7,甲硝唑氯己定洗剂（辅太）YK,01009787
OTC,A1,8,复方氯己定含漱液（中大),01005644
OTC,A1,9,甲硝唑氯己定洗剂（奇卫）Z,01001074
OTC,A1,10,复方黄松洗液（肤阴洁）（源安堂）,02005836
OTC,A1,11,洁尔阴洗液（恩威）,10060222
OTC,A1,12,克林霉素甲硝唑搽剂（日抒）（痤康王）,01009700
OTC,A2,1,云南白药膏（云南白药）.,50020084
OTC,A2,2,铁棒锤止痛膏（奇正）,02004652
OTC,A2,3,消痛贴膏（奇正）,02005923
OTC,A2,4,壮骨麝香止痛膏(羚锐)（两只老虎）,50020055
OTC,A2,5,壮骨麝香止痛膏（羚锐）,50020040
OTC,A2,6,关节止痛膏（羚锐）,50020301
OTC,A2,7,伤湿止痛膏（羚锐）,50090000
OTC,A2,8,壮骨麝香止痛膏(陪都麒麟膏),02005902
OTC,A2,8,麝香壮骨膏（余良卿）,02005922
OTC,A2,9,伤湿止痛膏（羚锐）（两只老虎）,02006090
OTC,A2,9,待补商品名（02005174）,02005174
OTC,A3,1,滴耳油（睿和堂）,02005191
OTC,A3,2,牙痛药水（迪康）,02005188
OTC,A3,3,云南白药膏（云南白药）,02005198
OTC,A3,4,消炎镇痛膏（羚锐）ZM,02004291
OTC,A3,5,消炎镇痛膏（积盛和）,02007290
OTC,A3,6,消炎镇痛膏（四面弹）（积盛和）,02007289
OTC,A3,7,麝香壮骨膏（羚锐）ZM,02004419
OTC,A3,8,壮骨麝香止痛膏（四面弹）（羚锐）,04000202
OTC,A3,9,麝香壮骨膏（皇家荣耀）ZY,02005822
OTC,A4,1,消炎镇痛膏（药邦）（仁和中方）,01001189
OTC,A4,2,壮骨麝香止痛膏(两只老虎)（羚锐）,02000024
OTC,A4,3,伤湿止痛膏（羚锐）,02007087
OTC,A4,4,麝香止痛贴膏（羚锐）,02006521
OTC,A4,5,通络祛痛膏（四面弹）（羚锐）,02003964
OTC,A4,6,关节止痛膏（羚锐）,02007086
OTC,A4,7,麝香壮骨膏（两只老虎）（羚锐）,02003074
OTC,A4,8,通络祛痛膏（四面弹）（羚锐）,02004888
OTC,A5,1,消炎镇痛膏（金玛神）,02002607
OTC,A5,2,麝香壮骨膏（天和）,02005327
OTC,A5,3,关节止痛膏（积盛和）,02007291
OTC,A5,4,消炎镇痛膏（白云山）,02005931
OTC,A5,5,麝香壮骨膏（贵珍林）SQ,02006649
OTC,A5,6,消炎镇痛膏（贵珍林）SQ,02006648
OTC,A5,7,关节止痛膏(汇善堂)HC,02007326
OTC,A5,8,舒腹贴膏（羚锐）,02002981
OTC,A5,9,丁桂儿脐贴（丁桂）ZM,02003740
OTC,A6,1,伤痛宁膏（景致）,02005257
OTC,A6,2,麝香壮骨膏（积盛和）,02007292
OTC,A6,3,伤湿止痛膏(乐赛仙)HC,02007269
OTC,A6,4,麝香壮骨膏(乐赛仙)HC,02007267
OTC,A6,5,麝香壮骨膏（杏林泰）YK,02005532
OTC,A6,6,消炎镇痛膏（杏林泰）YK,02005531
OTC,A6,7,骨通贴膏（四面弹）（天和）,02006430
OTC,A6,8,银胡感冒散（源安堂）,02005909
OTC,A6,9,肠胃散（源安堂）,02006128
OTC,A6,10,对乙酰氨基酚栓（状元娃）HC,01004169
OTC,A6,11,小儿布洛芬栓（东信）,01002536
OTC,A6,12,复方水杨酸甲酯薄荷醇贴剂（撒隆巴斯-爱）,01001743
OTC,A7,1,熊胆痔灵膏（葵花）BX,50020067
OTC,A7,2,痔疮栓（乐定泰）（中大）,02007270
OTC,A7,3,熊胆痔灵膏（贵珍林）SQ,02007250
OTC,A7,4,麝香痔疮栓（马应龙）,50040044
OTC,A7,5,熊胆痔灵栓（葵花）BX,02007475
OTC,A7,6,肛泰栓(荣昌）（ZM）,50022271
OTC,A7,7,麝香痔疮栓（马应龙）,02003970
OTC,A7,8,乌洛托品溶液（西施兰夏露）,01000701
OTC,A7,9,小儿复方麝香草酚撒粉（痱子粉）（龙牡）,01003078
OTC,A7,10,复方丁香罗勒油（红花油）（贵珍林）SQ,02007562
OTC,A8,1,硝呋太尔制霉素阴道软胶囊(康妇特)(999)（ZM）,01003031
OTC,A8,2,熊胆痔灵栓（乐赛仙）HC,02005754
OTC,A8,3,复方黄松湿巾（源安堂）,02005834
OTC,A8,4,克霉唑阴道片（一孚汀）,01000208
OTC,A8,5,双唑泰阴道泡腾片（杰娜）SQ,01005326
OTC,A8,6,舒腹贴膏(小明仁),02007288
OTC,A8,7,克霉唑阴道片（诺捷康）NJ,01009632
OTC,A8,8,克霉唑阴道片（凯妮汀）,01004299
OTC,A8,9,双唑泰泡腾片（金方）,50030024
OTC,A8,10,丁桂儿脐贴（丁桂）（宝宝一贴灵）,10040142
OTC,A8,10,盐酸萘甲唑啉滴鼻液（快捷克）YYK,01009585
OTC,A8,11,复方薄荷柳酯搽剂（只羊小鹿）（星海）,01009650
OTC,A9,1,双唑泰阴道凝胶（明仁）,01004671
OTC,A9,2,双唑泰栓（中大）,01002993
OTC,A9,3,硝呋太尔制霉素阴道软胶囊（朗依）,50030073
OTC,A9,4,硝酸咪康唑栓（达克宁）,50030012
OTC,A9,5,双唑泰栓（葵花）BX,01003860
OTC,A9,6,保妇康栓（碧凯）,02003205
OTC,A9,7,双唑泰阴道泡腾片（森迪）（意亭）,01003801
OTC,A9,8,双唑泰阴道泡腾片（福爱康）,01005486
OTC,A9,9,甲硝唑阴道泡腾片（爱弥尔）,01000753
OTC,A9,10,硝酸咪康唑栓（乐赛仙）HC,01003398
OTC,A9,11,克霉唑阴道片（纤如意）HC,01005139
OTC,A9,12,克霉唑阴道片（宝丽婷）（仙琚）ZM,01002083
OTC,A9,13,制霉素阴道栓（春萌）,50030015
OTC,A9,14,甲硝唑阴道泡腾片,02001615
OTC,A9,15,跌打扭伤灵酊 （杏林泰）YK,02007344
OTC,A9,16,硝酸益康唑喷雾剂（乐赛仙）HC,01009725
OTC,A10,1,依马打正红花油,02001902
OTC,A10,2,酮康唑洗剂（采乐）,50040109
OTC,A10,3,硝酸益康唑喷剂（唯达宁）,01002626
OTC,A10,4,盐酸特比萘芬喷雾剂（必无忧）999D,01003900
OTC,A10,5,伤科灵喷雾剂SY,10050071
OTC,A10,6,硝酸兴度唑溶液(龙马),01001567
OTC,A10,7,盐酸特比萘芬喷雾剂（王上王）YF,01003044
OTC,A10,8,少林正骨精（天士力）,02006621
OTC,A10,9,联苯苄唑溶液（洛芙）,01004068
OTC,A10,10,硝酸益康唑溶液（建功）SQ,01005285
OTC,A10,11,云南白药气雾剂（云南白药）.,50040020
OTC,A10,12,联苯苄唑溶液SY,02007309
OTC,A10,13,盐酸特比萘芬喷雾,10000153
OTC,A10,14,布地奈德鼻喷雾剂（雷诺考特）,01002624
OTC,A11,1,活血消痛酊（羚锐),02003073
OTC,A11,2,酮康唑洗剂（康王）,01002945
OTC,A11,3,二硫化硒洗剂（999D皮炎平）,01003512
OTC,A11,4,岭南正红花油（岭南万应）,02007190
OTC,A11,5,五松肿痛酊（实正）,02004513
OTC,A11,6,红药气雾剂（沈阳）（ZM）,30050108
OTC,A11,7,麝香祛痛搽剂（参归堂）,02003934
OTC,A11,8,双虎肿痛宁喷雾剂(葵花)JM BX,02000507
OTC,A11,9,云南白药酊.,02004397
OTC,A11,10,盐酸羟甲唑啉喷雾剂（仁和G）,01002774
OTC,A11,11,盐酸特比萘芬喷雾剂（丁克）（齐鲁）QL,01001472
OTC,A11,12,云南白药气雾剂（云南白药）.,02002478
OTC,A11,13,硝酸益康唑喷雾剂（仁和中方）,01001334
OTC,A11,14,盐酸特比萘芬喷雾剂（丁克）（齐鲁）QL,01010048
OTC,A11,14,硝酸咪康唑散（达克宁）,01002266
OTC,B1,1,米诺地尔搽剂(达霏欣/安特)60ml:1.2g*60ml女士粉ds,01003284
OTC,B1,2,米诺地尔搽剂(达霏欣)60ml:3g*60ml男士黑ds,01003283
OTC,B1,3,联苯苄唑乳膏（美尔杰）（特格尔）,01004689
OTC,B1,4,复方樟脑乳膏(乐赛仙)HC,01009728
OTC,B1,5,阿昔洛韦乳膏（仁和中方）,01009816
OTC,B1,6,盐酸特比萘芬乳膏（丁克）QL,01003836
OTC,B1,7,硝酸咪康唑乳膏（达克宁）,50021040
OTC,B1,7,联苯苄唑乳膏（乐赛仙）HC,01004673
OTC,B1,8,萘替芬酮康唑乳膏（必亮）,01002818
OTC,B2,1,米诺地尔搽剂(达霏欣)60ml:1.2g*30ml女士粉ds,01003286
OTC,B2,2,米诺地尔搽剂(达霏欣)60ml:3g*30ml男士黑ds,01003285
OTC,B2,3,马应龙麝香痔疮膏（马应龙）,02003976
OTC,B2,4,复方克霉唑乳膏(愈烈双),50020025
OTC,B2,5,阿昔洛韦乳膏（乐赛仙）HC,01005390
OTC,B2,6,复方醋酸地塞米松乳膏（安泰邦）YK,01009994
OTC,B2,6,阿昔洛韦乳膏（葵花）（ 肖敏）BX,01002366
OTC,B2,7,盐酸特比萘芬乳膏（乐赛仙）HC,01004447
OTC,B2,8,克霉唑乳膏（快瑞坦）KC,01005232
OTC,B2,9,红霉素眼膏（白敬宇）,01002716
OTC,B2,10,糠酸莫米松乳膏（华邦）,01009939
OTC,B3,1,阿昔洛韦乳膏（九州通）J,01003146
OTC,B3,2,酮康唑乳膏(佳康)DSL,01009734
OTC,B3,3,双氯芬酸二乙胺乳胶剂（扶他林）,01003536
OTC,B3,4,曲安奈德益康唑乳膏（建功）SQ,01009712
OTC,B3,5,阿达帕林凝胶 （安泰邦）YK,01009800
OTC,B3,6,复方醋酸地塞米松凝胶（[金日&舒伕]）YK,01009786
OTC,B3,7,糠酸莫米松凝胶（999D皮炎平）ZM,01003148
OTC,B3,8,曲咪新乳膏（乐赛仙）HC,01005324
OTC,B3,9,双氯芬酸二乙胺乳胶剂（福元）,01009733
OTC,B3,10,曲安奈德益康唑乳膏（乐赛仙）HC,01004703
OTC,B3,11,硝酸咪康唑乳膏（乐赛仙）HC,01005346
OTC,B3,12,莫匹罗星软膏（999D）,01004310
OTC,B3,13,克霉唑乳膏（世康特）,01009701
OTC,B4,1,复方薄荷脑软膏,02001901
OTC,B4,2,曲安奈德益康唑乳膏（999D皮炎平-红）,01002271
OTC,B4,3,丁酸氢化可的松乳膏（乐赛仙）HC,01009693
OTC,B4,4,盐酸特比萘芬凝胶（时脱扑）（太极）TJG,01000049
OTC,B4,5,联苯苄唑乳膏(福元),01003932
OTC,B4,6,甲硝唑凝胶（丽芙）,01002813
OTC,B4,7,盐酸特比萘芬凝胶（必无忧）（999D）,01003093
OTC,B4,8,曲咪新乳膏（福元）,01009706
OTC,B4,9,盐酸特比萘芬凝胶（建功）SQ,01004639
OTC,B4,9,硫软膏（福元）,01009702
OTC,B4,10,糠酸莫米松凝胶（999D皮炎平-绿）,01002272
OTC,B4,11,红霉素软膏（福元）,01004018
OTC,B4,12,盐酸特比萘芬乳膏（福元）,01003936
OTC,B4,13,曲咪新乳膏（安泰邦）YK,01009673
OTC,B4,14,氧化锌软膏（乐赛仙）HC,01005142
OTC,B4,15,酮康唑乳膏(克宁),50020235
OTC,B5,1,复方醋酸地塞米松乳膏（善举）HC,01005344
OTC,B5,2,糠酸莫米松乳膏（乐赛仙）HC,01009727
OTC,B5,3,甲硝唑凝胶（乐赛仙）HC,01005144
OTC,B5,4,阿达帕林凝胶（达芙文）,01001084
OTC,B5,5,氟轻松维B6乳膏（乐赛仙）（龙虎）HC,01005345
OTC,B5,6,莫匹罗星软膏（福元）,01005600
OTC,B5,7,水杨酸软膏（信龙）,01003931
OTC,B5,8,酮康唑乳膏（乐赛仙）HC,01005138
OTC,B5,9,丁酸氢化可的松乳膏（舒夫林）YF,01003045
OTC,B5,10,复方水杨酸甲酯乳膏（联邦正通高）,01002081
OTC,B5,11,丹皮酚软膏（舒笑）SY,02005667
OTC,B5,12,糠酸莫米松乳膏（芙美松）（仙琚）（ZM）,01001324
OTC,B5,13,红霉素软膏（美尔杰）（特格尔）,01002795
OTC,B5,14,尿素乳膏（川石）,01003182
OTC,B5,15,丹皮酚软膏（善举）HC,02006463
OTC,B5,16,氟轻松维B6乳膏（美尔杰）（特格尔）,01002782
OTC,B6,1,尿素维E乳膏(纤如意)HC,01009640
OTC,B6,2,复方醋酸地塞米松乳膏（999D皮炎平）,50020020
OTC,B6,3,双氯芬酸二乙胺乳胶剂（扶他林）,01003099
OTC,B6,4,硝酸咪康唑乳膏（中大）（力达妥）,01005643
OTC,B6,5,糠酸莫米松乳膏（羚锐止痒平）,01001925
OTC,B6,6,红霉素软膏（乐赛仙）HC,01005391
OTC,B6,7,红霉素软膏（三益）,01002585
OTC,B6,8,莫匹罗星软膏（百多邦）,01001651
OTC,B6,9,盐酸阿莫罗芬乳膏（楚迪）,01003370
OTC,B6,10,紫草软膏,02006774
OTC,B6,11,鱼石脂软膏（恒健）,01003456
OTC,B6,12,曲安奈德益康唑乳膏（派瑞松）,50020019
OTC,B6,13,阿昔洛韦乳膏（太平）,50020299
OTC,B6,14,糠酸莫米松乳膏（艾洛松）,50020015
OTC,B6,15,克霉唑乳膏（辰欣）,50020318
OTC,B6,16,盐酸金霉素眼膏（辰欣）,01000083
OTC,B7,1,冻疮膏（科田）YF,01003040
OTC,B7,2,马应龙麝香痔疮膏（马应龙）,02003971
OTC,B7,3,莫匹罗星软膏（百多邦）,01004412
OTC,B7,4,甲硝唑凝胶（碧生源）（妍源）,01004880
OTC,B7,5,曲咪新乳膏（科田）YF,01002554
OTC,B7,6,曲安奈德益康唑乳膏（太平）,01004955
OTC,B7,7,丁酸氢化可的松乳膏（舒夫林）,01004749
OTC,B7,8,醋酸曲安奈德乳膏（福元）,01004616
OTC,B7,9,阿达帕林凝胶（乐赛仙）HC,01005352
OTC,B7,10,曲安奈德益康唑乳膏（邦力）,50020187
OTC,B7,11,丁酸氢化可的松乳膏（舒夫林）YF,01003045
OTC,B7,12,曲咪新乳膏（顺峰康霜）,01004751
OTC,B7,13,莫匹罗星软膏（百多邦）,10010472
OTC,B7,14,丁酸氢化可的松乳膏（邦力）,01005466
OTC,B7,15,红霉素眼膏（辰欣）,50010130
OTC,B8,1,氧化锌软膏(信龙),01004608
OTC,B8,2,复方薄荷脑软膏（曼秀雷敦）,01004586
OTC,B8,3,丁酸氢化可的松乳膏(尤卓尔）（ZM）,01002697
OTC,B8,4,烧烫伤膏（强列）,30040178
OTC,B8,5,曲咪新乳膏（易菲沙）,50020063
OTC,B8,6,林可霉素利多卡因凝胶（宝护伞）YF,01003039
OTC,B8,7,氧化锌软膏（时珍康）,01000103
OTC,B8,8,马应龙麝香痔疮膏,50040043
OTC,B8,9,糠酸莫米松乳膏（艾洛松）,01004596
OTC,B8,10,华佗膏（科田）,50020006
OTC,B8,11,复方倍氯米松樟脑乳膏(无极膏)（福元）,01003933
OTC,B8,12,丹皮酚软膏（舒笑）SY,01000439
OTC,B8,13,酮洛芬凝胶（法斯通）,01001049
OTC,B8,14,复方醋酸地塞米松乳膏（川石）,01009748
OTC,B8,15,红霉素软膏（辰欣）,50021450
OTC,B9,1,盐酸萘甲唑林滴鼻液（福元）,01004782
OTC,B9,2,开塞露（儿童装）（易下）,01003810
OTC,B9,3,开塞露（含甘油）（科田）DSL,01002628
OTC,B9,4,开塞露（含甘油）（辰欣）,79999965
OTC,B9,5,炉甘石洗剂（安泰邦）YK,01009789
OTC,B9,6,碘甘油（信龙）,01005595
OTC,B9,7,醋酸地塞米松口腔贴（意可贴）,01002371
OTC,B9,8,醋酸地塞米松粘贴片（意可贴）,10090033
OTC,B9,9,蜂胶口腔膜（紫竹）（ZM）,30120018
OTC,B9,10,开塞露（含甘油）（金花）(儿童),01004252
OTC,B9,11,苯扎氯铵贴（防水型）（邦迪）ds,01004079
OTC,B9,12,开塞露（含甘油）（福元/易下）,01004020
OTC,B10,1,布地奈德鼻喷雾剂（普舒顺）YW,01005187
OTC,B10,2,乌洛托品溶液（西施兰）,01004422
OTC,B10,3,炉甘石洗剂（信龙）,90011124
OTC,B10,3,碘酊（环渤淼）,01009914
OTC,B10,4,复方醋酸曲安奈德溶液（安隆）,50020174
OTC,B10,5,风油精(滚珠型)（贵珍林）SQ,02005681
OTC,B10,6,丁香风油精（叶开泰）（健民集团）,02004106
OTC,B10,7,炉甘石洗剂（嘉倍康）,01002644
OTC,B10,8,云南白药创可贴（轻巧护翼型）,50040113
OTC,B10,9,风油精（白云山）,30030063
OTC,B10,10,风油精(太平),02004763
OTC,B10,11,风油精（元典）YK,02007540
OTC,B10,12,清凉油（山虎牌）,02004435
OTC,B10,13,清凉油（元典）YK,02007357
OTC,B10,13,风油精（滚珠型）（余良卿）,02003253
OTC,B10,14,开塞露（含甘油）（石药）LJY,01004917
OTC,B10,15,开塞露（伊人）,01010070
OTC,B11,1,足光散（善举）（乐赛仙）HC,02004816
OTC,B11,2,足光散（中联）,01000763
OTC,B11,3,开塞露（含甘油）,01004699
OTC,B11,4,开塞露（含甘油）（善举）HC,01005141
OTC,B11,5,开塞露（含甘油）（维全佳）YYK,01009587
OTC,B11,6,足光散（九芝堂）,02003801
OTC,B11,7,开塞露（含甘油）（快捷克）YYK,01009586
OTC,B11,8,盐酸阿莫罗芬搽剂（楚甲）,01003369
OTC,C1,1,复方氨酚烷胺胶囊（盖克）,10025005
OTC,C1,2,银黄软胶囊（欧意）,02004023
OTC,C1,3,复方氨酚烷胺胶囊（仁和可立克）,10100161
OTC,C1,4,复方氨酚烷胺片（感叹号）,10020345
OTC,C1,5,氨酚咖那敏片（新康泰克）,01003953
OTC,C2,1,感冒软胶囊（神奇）SQ,02004043
OTC,C2,2,复方氨酚烷胺片（感康）,01002109
OTC,C2,3,复方氨酚烷胺胶囊（快克）ZM,01001285
OTC,C2,4,复方氨酚烷胺片（海佳）,10020451
OTC,C2,5,复方氨酚烷胺片（感康）,10020015
OTC,C2,6,氨酚咖那敏片（新康泰克）,01003954
OTC,C3,1,感冒清热软胶囊（欧意）ds,02000857
OTC,C3,2,复方氨酚烷胺片(安泰邦)YK,01004193
OTC,C3,3,连花清瘟胶囊（以岭）ZM,02002250
OTC,C3,4,复方氨酚烷胺胶囊（达洛克）Z,01001304
OTC,C3,5,复方氨酚烷胺胶囊（感康）,01009612
OTC,C4,1,感冒软胶囊（博祥）,10020478
OTC,C4,2,复方氨酚烷胺胶囊（葵花得菲尔）BXds,01000419
OTC,C4,3,复方氨酚烷胺片(感莎)ZM,01002660
OTC,C4,4,复方氨酚烷胺胶囊（999D速复康）ds,01002619
OTC,C4,5,氨酚咖那敏片（泰凯林）,01009945
OTC,C5,1,藿香正气滴丸（天士力）ZM,50050133
OTC,C5,2,氨咖黄敏胶囊（乐赛仙）HC,01003399
OTC,C5,3,藿香正气胶囊（仁和中方）,01001209
OTC,C5,4,复方氨酚烷胺胶囊（快克）,10020330
OTC,C5,5,氨咖黄敏胶囊（安泰邦）YK,01009964
OTC,C5,6,小儿氨酚黄那敏颗粒（葵花）BX,01003517
OTC,C6,1,藿香正气合剂（强丰）,02006656
OTC,C6,2,连花清瘟胶囊,02004280
OTC,C6,3,（加味）藿香正气合剂（999D）,02005768
OTC,C6,4,加味藿香正气合剂（白云山）（潘高寿）,02007114
OTC,C6,5,小儿氨酚黄那敏颗粒（菲迪安）,01005683
OTC,C7,1,小儿氨酚黄那敏颗粒（999）ZM,01001988
OTC,C7,2,小儿氨酚黄那敏颗粒(羚锐)ds,01004617
OTC,C7,3,小儿氨酚黄那敏颗粒（葵花）BX,10020428
OTC,C7,4,小儿氨酚黄那敏颗粒(康必得),02000363
OTC,C7,5,小儿氨酚黄那敏片,01000895
OTC,C8,1,小儿氨酚黄那敏颗粒（葵花康宝）,01004705
OTC,C8,2,小儿氨酚黄那敏颗粒（建功）SQ,01005284
OTC,C8,3,小儿氨酚烷胺颗粒（葵花康宝）,01000475
OTC,C8,4,小儿复方氨酚烷胺片（葵花）BX,01000412
OTC,C8,5,布洛芬颗粒（小快克）,01002547
OTC,C8,6,布洛芬颗粒（葵花）BX,01002003
OTC,C9,1,布洛芬混悬液（建功）SQ,01005511
OTC,C9,2,布洛芬混悬液（托恩）,01000533
OTC,C9,3,精氨酸布洛芬颗粒SY,01003088
OTC,C9,4,小儿氨酚黄那敏颗粒（小快克）,10100198
OTC,C9,5,小儿氨酚烷胺颗粒（优卡丹）（仁和G）,01002627
OTC,C9,6,小儿清肺化痰颗粒（神威）,02006006
OTC,C10,1,氯雷他定糖浆（小快克）,01005403
OTC,C10,2,小儿解表口服液（ZM）,02005040
OTC,C10,3,布洛芬混悬液（中大）,01002994
OTC,C10,4,小儿氨酚黄那敏颗粒（小快克）ZM,01005531
OTC,C10,5,小儿氨酚黄那敏颗粒（护彤）,10020034
OTC,C11,1,复方氨酚那敏颗粒（古药）,10022002
OTC,C11,2,复方氨酚那敏颗粒（速冲）（长天）,01005406
OTC,C11,3,复方氨酚那敏颗粒（愉泰）,01004475
OTC,C11,4,复方氨酚那敏颗粒（万岁）,10020500
OTC,D1,,苦金片（国风L）,02003885
OTC,D2,,苦金片（国风L）,02003885
OTC,D3,1,苦金片（国风L）,02001710
OTC,D4,1,玉屏风口服液（荣昌制药）,02005024
OTC,D4,2,复方鱼腥草合剂（金笛）,02006150
OTC,D5,1,蛇胆川贝液（善举）HC,02005635
OTC,D5,2,复方鱼腥草合剂(国境),02006936
OTC,D5,3,杏贝止咳颗粒（康缘）,02006241
OTC,D6,1,川贝清肺糖浆（太福）,02003593
OTC,D6,2,川贝清肺糖浆（仁和中方）,01001216
OTC,D6,3,强力枇杷露（石药）LJY,02006066
OTC,D6,4,杏苏止咳糖浆（诺得胜）,02005491
OTC,D6,5,雪梨膏（中大）,02004268
OTC,D6,6,治咳枇杷露（汇善堂）HC,02006545
OTC,D6,7,金振口服液（康缘）,20030005
OTC,D7,1,止咳橘红口服液（善举）HC,02005628
OTC,D7,2,金振口服液（康缘）,02005070
OTC,D8,1,川贝清肺糖浆（乐赛仙）HC,02004130
OTC,D8,2,雪梨膏（善举）HC,02005632
OTC,D8,3,川贝枇杷糖浆（元典）YK,02005612
OTC,D8,4,养阴清肺合剂（潘高寿）(白云山)(ZM),02003258
OTC,D8,5,强力枇杷露（积盛和）,02007315
OTC,D8,6,罗汉果止咳糖浆（朗欧）,02006220
OTC,D8,7,强力枇杷露（宝立乐）（中大）,02007028
OTC,D8,8,桔贝合剂（可迅停）,01002013
OTC,D9,1,强力枇杷露（乐赛仙）HC,02006146
OTC,D9,2,秋梨润肺膏（葵花）BX,02002888
OTC,D9,3,三蛇胆川贝膏（999D),02007452
OTC,D9,4,麻杏止咳糖浆YK,02005611
OTC,D9,5,强力枇杷露（999D）,02002860
OTC,D9,6,川贝清肺糖浆（积盛和）,02007322
OTC,D9,7,桔贝合剂（甜爽）（鲁南）,02004246
OTC,D10,1,京都念慈菴蜜炼川贝枇杷膏,10030154
OTC,D10,2,京都念慈菴蜜炼川贝枇杷膏,02002979
OTC,D10,3,莱阳梨膏（司邦得）,02005444
OTC,D10,4,强力枇杷露（东信）,02006487
OTC,D10,5,咳速停糖浆(贵州百灵)（百灵鸟）,02007515
OTC,D10,6,止咳枇杷糖浆（999D）,02007085
OTC,D11,1,蛇胆川贝液,10011008
OTC,D11,2,宣肺止嗽合剂（普安康）,02005862
OTC,D11,3,蛇胆川贝液（纽兰）,02001168
OTC,D11,4,复方牙痛酊（同济堂）（中国药材）,02007271
OTC,D11,5,复方延胡索喷雾剂（星泉牌）（万邦医药）,02007369
OTC,D11,6,复方一枝黄花喷雾剂（百灵鸟）,02003079
OTC,D11,7,富马酸酮替芬鼻喷雾剂（仰舒迪）（京卫制药）,01009978
OTC,D11,8,双黄连口服液（三精）,10091111
OTC,E1,1,复方乌鸡口服液（降糖型）（福爱康）,02006895
OTC,E1,2,胃乐舒口服液（福爱康）,02006892
OTC,E1,3,金银花露（小葵花）ZM,02004039
OTC,E1,4,乳果糖口服溶液（福元）,01005602
OTC,E2,1,枯草杆菌二联活菌颗粒（妈咪爱）,10040097
OTC,E2,1,枯草杆菌二联活菌颗粒（妈咪爱）,14000068
OTC,E2,2,健儿消食口服液（江中）,02004295
OTC,E2,4,乳果糖口服溶液(杜秘克OTC版),01003328
OTC,E2,5,苯甲酸利扎曲普坦片（欧力停）,01005566
OTC,E2,7,地氯雷他定分散片（美必叮）OTC,01004424
OTC,E2,8,地衣芽孢杆菌活菌颗粒(整肠生),14000027
OTC,E3,1,薏芽健脾凝胶（丁桂）,02005738
OTC,E3,2,沙棘糖浆（江中）,02007507
OTC,E3,3,乳果糖口服溶液（利动）,01002731
OTC,E3,4,乳果糖口服溶液（开达舒）,01009666
OTC,E3,5,复方消化酶胶囊(II)（达喜）ds,01004633
OTC,E4,1,乳酸菌素片（儿童）(江中)ZM,02003856
OTC,E4,2,乳酸菌素片（江中）ZM,01001277
OTC,E4,2,小儿腹泻宁糖浆(培彤)YK,02007341
OTC,E4,3,沙棘干乳剂（海天）,02004396
OTC,E4,4,肠炎宁颗粒（康恩贝）,02006638
OTC,E4,5,布拉氏酵母菌散（亿活）,14000046
OTC,E4,6,复方枣仁胶囊（希尔安宁）,02007476
OTC,E5,1,乳酸菌素片（江中）ZM,01002265
OTC,E5,2,奥利司他胶囊（曲曼）HC,01005090
OTC,E5,2,维生素AD滴剂（胶囊型）（伊可新）,01001142
OTC,E5,3,奥利司他胶囊（迪维健）,01005657
OTC,E5,4,奥利司他胶囊（雅塑）,01005549
OTC,E5,,胰酶肠溶胶囊（得每通）,01003307
OTC,E6,1,多维元素胶囊（15）（超侬）（积盛和）,01009756
OTC,E6,2,维生素AD滴剂（胶囊型）（双鲸SJ）,01002738
OTC,E6,3,维生素AD滴剂（胶囊型）（伊可新）,01001150
OTC,E6,3,维生素AD滴剂（胶囊型）（伊可新）,01005400
OTC,E6,4,维生素AD滴剂（胶囊型）（伊可新）,01005468
OTC,E6,4,维生素D滴剂（胶囊型）（达因）,01003524
OTC,E6,5,维生素AE胶丸（爱上眼）LJY,01009630
OTC,E6,5,维生素D滴剂（胶囊剂）（达因）,01004087
OTC,E6,6,百乐眠胶囊（扬子江）,02000117
OTC,E7,2,阿胶强骨口服液（华世丹）（儿童）,02005784
OTC,E7,3,阿胶强骨口服液（华世丹）（成人）,02005783
OTC,E8,1,红芪口服液,02001916
OTC,E8,2,健脑补肾口服液（东阿阿胶）,02007117
OTC,E9,1,肾宝片（汇仁）,02001889
OTC,E9,2,黄芪精（999D）,02006435
OTC,E9,3,玉屏风口服液（善举）HC,02006679
OTC,E10,1,脑心舒口服液（元典）YK,02007327
OTC,E10,2,脑心舒口服液（云丰）,02007323
OTC,E10,3,生脉饮（党参方）（可可康）DSL,02004071
OTC,E10,4,生脉饮（党参方）（索宁）（中大）,02007020
OTC,E10,5,左炔诺孕酮肠溶胶囊（后定诺）（仙琚）ZM,01001056
OTC,E11,1,玉屏风口服液（元典）YK,02005884
OTC,E11,1,生脉饮（党参方）（索宁）（中大）,02007020
OTC,E11,2,生脉饮（党参方）（福爱康）,02007186
OTC,E11,4,生脉饮口服液（党参方）（汇仁）,80010292
OTC,E11,5,生脉饮（党参方）（同仁堂）,02005230
OTC,E11,5,脑心舒口服液（敖东）,02004301
OTC,F1,1,人工牛黄甲硝唑胶囊（齐中盟）ZM,01005433
OTC,F1,2,头孢克肟胶囊（金日制药）,01005474
OTC,F1,3,阿莫西林克拉维酸钾片（朗致）,01005078
OTC,F1,4,阿莫西林胶囊（安泰邦）（YK),01005559
OTC,F1,5,头孢克肟片（安泰邦）YK,01009661
OTC,F1,6,4/7头孢呋辛酯片（联邦赛福欣）,01001846
OTC,F1,7,左氧氟沙星片（仁和中方）,01009518
OTC,F2,1,阿莫西林克拉维酸钾片（安泰邦）YK,01004576
OTC,F2,1,阿莫西林胶囊（安泰邦）YK,01004211
OTC,F2,2,阿莫西林克拉维酸钾片（强力阿莫仙）(联邦),01002511
OTC,F2,3,克拉霉素胶囊（石药)HC,01004825
OTC,F2,4,奥硝唑片（美舒通）（特格尔）,01002902
OTC,F2,5,奥硝唑片（潇然）,01004902
OTC,F3,1,头孢地尼分散片（安泰邦）YK,01003389
OTC,F3,1,阿奇霉素分散片（维宏）,01004145
OTC,F3,2,阿奇霉素分散片（依诺达）,01004401
OTC,F3,2,阿莫西林舒巴坦匹酯片（联邦新阿莫仙）,01002767
OTC,F3,3,阿奇霉素分散片（依诺达）（建功）SQ,01005281
OTC,F3,4,阿奇霉素分散片（安泰邦）YK,02005598
OTC,F3,5,阿昔洛韦分散片（甘泰）,01003812
OTC,F4,1,阿莫西林胶囊（善举）HC,01004200
OTC,F4,2,阿莫西林胶囊（联邦阿莫仙）,01001847
OTC,F4,3,头孢克肟胶囊（积盛和）,01009853
OTC,F4,5,奥硝唑片（乐赛仙）HC,01004830
OTC,F4,6,头孢呋辛酯片（联邦赛福欣）,01009998
OTC,F4,7,人工牛黄甲硝唑胶囊（石四药）（伊利亚安）YF,01002558
OTC,F5,1,阿莫西林分散片（善举）HC,01004272
OTC,F5,2,人工牛黄甲硝唑胶囊（快瑞坦）KC,01003739
OTC,F5,3,头孢克肟胶囊（琪安）（齐鲁）,01003180
OTC,F5,4,菠萝蛋白酶肠溶胶囊（邦平）（百会药业）,01009535
OTC,F5,5,阿昔洛韦咀嚼片（邦纳）（ZM）,01001674
OTC,F5,6,左氧氟沙星片（优诺安）,01005490
OTC,F5,8,氟康唑胶囊（亚邦）YF,01003037
OTC,F6,2,人工牛黄甲硝唑胶囊（葵花） BX,01000418
OTC,F6,4,头孢地尼分散片（乐赛仙）HC,01005193
OTC,F6,5,阿奇霉素分散片（维宏）,01004145
OTC,F6,6,奥硝唑分散片（仁和中方）,01004494
OTC,F6,6,阿奇霉素分散片（赛乐欣）（联邦）,01002510
OTC,F6,7,头孢克肟分散片（特普宁）ZM,01003128
OTC,F6,9,头孢克洛分散片（仁和中方）,01001230
OTC,F7,1,甲硝唑芬布芬胶囊（易必芬）（中大）,01004476
OTC,F7,2,人工牛黄甲硝唑胶囊（仁和中方）（芽医生）,01010007
OTC,F7,3,阿奇霉素片（石药）（欧意）,10012106
OTC,F7,4,氟康唑胶囊Z（中大）,01004552
OTC,F7,5,盐酸莫西沙星片（言宁）,01003609
OTC,F7,6,呋喃妥因肠溶片（汾河制药）,01009959
OTC,F7,7,人工牛黄甲硝唑胶囊（建功）SQ,01005288
OTC,F8,1,诺氟沙星胶囊,01004235
OTC,F8,2,头孢拉定胶囊（康良）,01004397
OTC,F8,3,头孢克洛分散片（希诺）,10011094
OTC,F8,4,盐酸左氧氟沙星胶囊（联邦左福康）,01005337
OTC,F8,5,阿莫西林胶囊（石药）,01001036
OTC,F8,6,乙酰螺旋霉素片（加冕）（京丰）,01000980
OTC,F9,1,甲硝唑维B6片(康麦尔)（喜人）,01000339
OTC,F9,2,替硝唑片（济得）,01004343
OTC,F9,3,阿昔洛韦片（海王）,01003816
OTC,F9,4,泛昔洛韦片（泛思天）,10010798
OTC,F9,5,普瑞巴林胶囊(乐瑞卡),01002688
OTC,F9,6,盐酸多西环素分散片（多迪）,01002841
OTC,F9,7,阿莫西林胶囊（珍棒）,01004515
OTC,F9,8,盐酸莫西沙星片（拜复乐）,10100084
OTC,F9,9,伊曲康唑分散片（斯迈克）,01001938
OTC,F9,10,阿奇霉素片（希舒美）,01004317
OTC,F10,1,四环素片(迎春),01004380
OTC,F10,2,甲硝唑片（福元）,01004337
OTC,F10,4,罗红霉素分散片（环罗）,01004885
OTC,F10,5,阿莫西林胶囊（珍棒）ds,10010140
OTC,F10,6,盐酸特比萘芬片（齐鲁）QL,01004427
OTC,F10,7,四环素片（特一）,01009678
OTC,F10,8,复方磺胺甲恶唑片（新华）,10011283
OTC,F10,9,甲硝唑片（齐都）,01000108
OTC,F10,10,土霉素片（上海）,01001908
OTC,F10,11,土霉素片（云鹏）,01000182
OTC,F10,12,吡拉西坦片（强身）,01003916
OTC,F11,1,匹多莫德口服溶液（芙露饮）,01009653
OTC,F11,2,转移因子口服液（百利金）,10011027
OTC,F11,3,盐酸伐昔洛韦片X,01002927
OTC,F11,4,头孢克洛缓释片Ⅱ（希刻劳）,01004863
OTC,F11,5,盐酸左氧氟沙星片（严必妥）,01004463
OTC,F11,6,盐酸多西环素片（林诺清）,10011013
OTC,F11,7,普瑞巴林胶囊（喜思平）QL,01004933
OTC,G1,1,转移因子口服溶液（乐赛仙）HC,01005271
OTC,G1,2,阿莫西林胶囊（仁和中方）,01002025
OTC,G1,3,头孢克洛分散片（安泰邦）YK,01005558
OTC,G1,4,头孢呋辛酯胶囊（乐赛仙）HC,01005514
OTC,G1,5,头孢克肟胶囊（欧健）,01004583
OTC,G2,1,罗红霉素胶囊（善举）HC,01004826
OTC,G2,2,头孢氨苄胶囊（达洛克）Z,01001351
OTC,G2,3,阿昔洛韦片（善举）HC,01004831
OTC,G2,5,阿奇霉素分散片（达洛克）Z,01001305
OTC,G2,6,乙酰螺旋霉素片(达洛克),01000428
OTC,G2,7,克拉霉素胶囊（美舒通）（特格尔）,01002889
OTC,G3,1,克拉霉素分散片（安泰邦）YK,01004262
OTC,G3,3,盐酸左氧氟沙星胶囊（达洛克）Z,01001303
OTC,G3,4,头孢克肟片（方盛）,01004164
OTC,G3,6,青霉素V钾分散片(乐赛仙)HC,01009719
OTC,G3,8,阿莫西林克拉维酸钾片（金力舒）（白云山zc）BYS,01000730
OTC,G3,9,盐酸左氧氟沙星胶囊（联邦左福康）,01001954
OTC,G3,10,盐酸伐昔洛韦片（明竹欣）,01002717
OTC,G4,1,阿莫西林克拉维酸钾颗粒（乐赛仙）HC,01004198
OTC,G4,2,诺氟沙星胶囊（乐赛仙）HC,01004533
OTC,G4,5,诺氟沙星胶囊（仁和中方）,01009817
OTC,G4,6,罗红霉素软胶囊（维康速克）（ZM）,02002568
OTC,G4,7,阿莫西林胶囊（联邦阿莫仙）,01004920
OTC,G4,8,罗红霉素分散片（乐赛仙）HC,01004201
OTC,G4,9,青霉素V钾片（乐赛仙）HC,01004426
OTC,G5,1,头孢丙烯胶囊（亿代）（齐鲁）QL,01002048
OTC,G5,2,头孢克肟胶囊（世福素）（白云山zc）BYS,01003724
OTC,G5,4,诺氟沙星胶囊（达洛克）,01004977
OTC,G5,6,阿莫西林克拉维酸钾干混悬剂（强力阿莫仙）（联邦制药）,01003062
OTC,G5,7,阿莫西林胶囊（联邦阿莫仙）,01005408
OTC,G5,8,头孢克肟分散片（笃定）（金鸿）,01002566
OTC,G5,9,阿莫西林胶囊（白云山zc）（抗之霸）ZM BYS,01001091
OTC,G6,1,阿莫西林克拉维酸钾分散片（博美欣）,10012013
OTC,G6,3,盐酸左氧氟沙星胶囊（善举）HC,01005196
OTC,G6,5,阿奇霉素胶囊（齐鲁）,01002046
OTC,G6,6,罗红霉素分散片（石药）LJY,01002441
OTC,G6,7,盐酸左氧氟沙星胶囊 (安泰邦)YK,01009791
OTC,G6,8,阿莫西林胶囊（石药）YW,01005626
OTC,G7,1,阿莫西林胶囊（联邦阿莫仙）,01004055
OTC,G7,2,头孢地尼分散片（兴易比可）,01002224
OTC,G7,3,盐酸左氧氟沙星胶囊（仁和中方）,01001268
OTC,G7,4,罗红霉素胶囊（联邦药业）（赛乐林）,01001950
OTC,G7,5,人工牛黄甲硝唑胶囊（石药）,01004589
OTC,G7,5,头孢地尼分散片（希福尼）,01000162
OTC,G7,6,盐酸左氧氟沙星片（佐仰）,01003845
OTC,G8,1,盐酸特比萘芬片（乐赛仙）HC,01005198
OTC,G8,2,罗红霉素胶囊（联邦药业）（赛乐林）,01004899
OTC,G8,3,头孢克肟胶囊（坦络维）（福太医）,01005309
OTC,G8,3,阿奇霉素胶囊（维宏）,01004827
OTC,G8,4,头孢克肟胶囊（达力芬）（致君）,01009637
OTC,G8,5,阿奇霉素分散片（美大康）,10010763
OTC,G8,6,罗红霉素分散片（小严迪）,10010028
OTC,G8,6,阿莫西林胶囊（石药）YW,01005626
OTC,G9,1,头孢泊肟酯胶囊（亮博）（雅泰）,04000204
OTC,G9,2,盐酸环丙沙星胶囊（鲁抗）（宁新宝）,01001936
OTC,G9,3,盐酸左氧氟沙星胶囊（左克）,10010768
OTC,G9,4,盐酸米诺环素胶囊（玫满）,10010045
OTC,G9,5,诺氟沙星胶囊（蜀中）（依科）,0100519
OTC,G9,6,琥乙红霉素片（西安利君）,10010032
OTC,G9,7,克拉霉素片（京新）,10020441
OTC,G10,1,盐酸多西环素胶囊（林梅青）,01005168
OTC,G10,2,4/7头孢呋辛酯胶囊（达力新）,01000034
OTC,G10,3,4/7头孢呋辛酯片（达力新）,01001501
OTC,G10,4,头孢克肟胶囊（达力芬）,01000690
OTC,G10,5,头孢克肟分散片（先强严灵）,10020461
OTC,G10,6,头孢氨苄片,01003533
OTC,G10,7,奥硝唑片（傲宁）,10020406
OTC,G10,8,左氧氟沙星片（可乐必妥）,01002985
OTC,G10,9,盐酸环丙沙星片（京新）,10010836
OTC,G11,1,头孢丙烯颗粒（凯可之）,01004341
OTC,G11,2,诺氟沙星胶囊（欧意）,01005399
OTC,G11,3,头孢克洛胶囊（苏科乐）,01004702
OTC,G11,4,红霉素肠溶胶囊（999）（美红）,01009935
OTC,G11,5,盐酸左氧氟沙星胶囊(石药)YW,01003209
OTC,G11,6,待补商品名（5000140）,5000140
OTC,G11,6,红霉素肠溶胶囊（美红）,01004614
OTC,H1,1,赖氨酸维B12颗粒（仁和中方）,01001192
OTC,H1,2,头孢克肟颗粒（小快克）,01005404
OTC,H1,3,阿奇霉素干混悬剂（培彤）（YK),01005560
OTC,H1,4,小儿定喘口服液（荣昌制药）,02006852
OTC,H2,1,头孢克肟颗粒（状元娃）HC,01004888
OTC,H2,2,头孢氨苄颗粒（葵花）BX,01000639
OTC,H2,3,阿莫西林颗粒（达洛克）,01000577
OTC,H2,4,头孢克肟颗粒（达力芬）（致君）,01002304
OTC,H2,5,阿奇霉素干混悬剂（维宏）,01003356
OTC,H2,6,头孢克肟颗粒（特普宁）ZM,01003129
OTC,H2,7,阿莫西林克拉维酸钾颗粒（言净欣）（葵花）BX,02000806
OTC,H2,8,头孢克洛干混悬剂（夏克诺）（白云山zc）ZM,01002062
OTC,H2,9,依托红霉素颗粒（小洋人）,01005234
OTC,H2,10,利巴韦林颗粒（新博林）,10014333
OTC,H3,1,头孢克肟颗粒（培彤）YK,01004812
OTC,H3,3,罗红霉素颗粒（状元娃）HC,01005495
OTC,H3,4,头孢克肟分散片Z（笃定）（金鸿）,01001038
OTC,H3,6,头孢地尼颗粒（帝莉莎）,01003663
OTC,H3,7,阿莫西林克拉维酸钾颗粒（诺贝先）,01000581
OTC,H4,1,阿莫西林克拉维酸钾（4:1）干混悬剂 （培彤）YK,01009801
OTC,H4,2,阿莫西林颗粒（言净欣）（葵花）BX,10100214
OTC,H4,3,猴耳环消炎颗粒（白马）,02007523
OTC,H4,4,阿莫西林颗粒(米阿卡）（仁和中方）,01001177
OTC,H4,5,头孢克洛干混悬剂(状元娃)HC,01009981
OTC,H5,1,肺宁颗粒（儿童）（修正）,02005852
OTC,H5,2,阿莫西林克拉维酸钾干混悬剂（4:1）（状元娃）HC,01009686
OTC,H5,3,阿莫西林克拉维酸钾干混悬剂（抗之霸）（金力舒）（白云山zc）,01001088
OTC,H5,4,盐酸二氧丙嗪颗粒（芽培）（乐赛仙）HC,01003402
OTC,H6,1,阿奇霉素干混悬剂（希舒美）,10100200
OTC,H6,2,头孢克洛干混悬剂（希刻劳）,02000207
OTC,H6,3,王氏保赤丸（南通）,01000334
OTC,H6,4,依托红霉素颗粒（葵花）BX,30030110
OTC,H6,5,头孢克洛干混悬剂（致君）,01004838
OTC,H6,6,头孢克肟颗粒(无糖型)（达力芬）,01000738
OTC,H7,1,磷酸奥司他韦颗粒（施可韦）,01004976
OTC,H7,2,头孢克肟咀嚼片（海山牌）,10011218
OTC,H7,3,磷酸奥司他韦颗粒（可威）ds,01002560
OTC,H7,4,小儿麻甘颗粒（云中）,02000342
OTC,H7,5,小柴胡汤丸（仲景）,02005614
OTC,H8,1,儿童回春颗粒(漢方),02005260
OTC,H8,2,小儿咳嗽糖浆（宝尼）,01004619
OTC,H8,3,小儿智力糖浆（葵花）,02003212
OTC,H8,4,百蕊颗粒（柏美星）,02004293
OTC,H8,5,小儿豉翘清热颗粒（无糖型）（同贝）,02004889
OTC,H9,1,氨溴特罗口服溶液（状元娃）HC,01004850
OTC,H9,2,开喉剑喷雾剂（三力）,02003324
OTC,H9,3,开喉剑喷雾剂（儿童型）（三力）,02007066
OTC,H9,4,右旋布洛芬口服混悬液（右布）,01009855
OTC,H9,5,氨溴特罗口服溶液（易坦静）,10020496
OTC,H10,1,小儿消积止咳口服液(鲁南/宁宝)ds,02006231
OTC,H10,2,肺力咳合剂（健兴）,10095131
OTC,H10,3,开喉剑喷雾剂（儿童型）（三力）,02002155
OTC,H10,4,美芬那敏铵糖浆（尔可芬）（樂信）,01003790
OTC,H10,5,氨溴特罗口服溶液（易坦静）,01002673
OTC,H10,6,小儿鼻炎片（同仁堂）,02001172
OTC,I1,1,卵磷脂片（妙存）,01004090
OTC,I3,1,同仁牛黄清心丸,30020036
OTC,I4,1,通脉颗粒（乐赛仙）HC,02004143
OTC,I4,2,辛伐他汀片（安泰邦）,01009607
OTC,I4,3,通心络胶囊（以岭）,10030181
OTC,I5,1,降脂宁颗粒（中大）,02004270
OTC,I5,2,脑络通胶囊（寿护士）KC,02005239
OTC,I5,3,脑心清片（白云山）,02001379
OTC,I6,1,通心络胶囊（以岭）,02007034
OTC,I7,1,柏子养心丸（九芝堂）,02004722
OTC,I7,2,通心络胶囊（以岭）,10030181
OTC,I7,3,待补商品名（0200617）,0200617
OTC,I8,1,心宝丸（星辰牌）,02005980
OTC,I8,2,心宝丸（星辰牌）,10280001
OTC,I8,3,辛伐他汀片（怡康寿）,01000810
OTC,I8,8,复方丹参滴丸（天士力）ZM,02002603
OTC,I8,8,速效救心丸（松栢）(中新)ZM,02002047
OTC,I8,9,复方丹参滴丸（天士力）,02000716
OTC,I8,9,速效救心丸（松栢）(中新),30040072
RX,A1,1,盐酸左氧氟沙星滴眼液（珍视洁）,01004736
RX,A1,2,氧氟沙星滴眼液（瑞珠）,01004743
RX,A1,3,左氧氟沙星滴眼液（佐安欣）,01003788
RX,A1,4,复方尿维氨滴眼液（珍视清）（ZM）,01002699
RX,A1,5,盐酸左氧氟沙星滴眼液（乐赛仙）HC,01005343
RX,A1,6,氧氟沙星滴耳液（乐赛仙）HC,01005348
RX,A1,7,左氧氟沙星滴眼液（艾视）（中大）,01005646
RX,A1,8,氯霉素滴眼液（润舒）,50010005
RX,A2,1,妥布霉素地塞米松眼膏（典必殊）,50010077
RX,A2,2,盐酸左氧氟沙星滴耳液（滴佑）HC,01004822
RX,A2,3,熊胆黄芩滴眼液（贵珍林）SQ,02007555
RX,A2,4,盐酸左氧氟沙星滴眼液（联邦左福康）,01001966
RX,A2,5,阿昔洛韦滴眼液（仁彤）,01005682
RX,A2,6,氧氟沙星滴眼液（兰尼）,50010056
RX,A2,7,氧氟沙星滴眼液（乐赛仙）HC,01005137
RX,A2,8,氧氟沙星滴耳液YYK,01009584
RX,A2,,氧氟沙星滴眼液（仁和中方）,01001168
RX,A3,1,妥布霉素地塞米松滴眼液（典必殊）,50014301
RX,A3,2,普拉洛芬滴眼液（普南扑灵）,50010102
RX,A3,3,妥布霉素滴眼液（托百士）,50010028
RX,A3,4,富马酸依美斯汀滴眼液,01003346
RX,A3,5,左氧氟沙星滴眼液（可乐必妥）,02002602
RX,A3,6,七叶洋地黄双苷滴眼液（施图伦）,50010047
RX,A3,7,盐酸左氧氟沙星滴眼液（佐科）,50014171
RX,A3,8,诺氟沙星滴眼液（辰欣）,50010010
RX,A3,9,氧氟沙星滴耳液,50040114
RX,A4,1,左氧氟沙星滴眼液（闪亮）（仁和中方）,01004555
RX,A4,2,复方氯化钠滴眼液（闪亮）（仁和中方）,01004556
RX,A4,3,盐酸奥洛他定滴眼液（闪亮）（仁和中方）,01004557
RX,A4,4,复方熊胆滴眼液（普华）SY,02002592
RX,A4,5,氧氟沙星滴眼液（美尔杰）（特格尔）,01002886
RX,A4,6,氧氟沙星滴眼液（远清）,01005097
RX,A4,7,盐酸洛美沙星滴眼液（远清）YF,01003041
RX,A5,1,玻璃酸钠滴眼液（闪亮）（仁和中方）,01005307
RX,A5,2,阿昔洛韦滴眼液（艾视）（中大）,01005645
RX,A5,3,妥布霉素滴眼液（秀瞳）（安泰帮）YK,01005557
RX,A5,4,左氧氟沙星滴眼液（迪可罗）YW,01005698
RX,A5,5,复方尿维氨滴眼液(滴佑)HC,01009729
RX,A5,6,氧氟沙星滴眼液（迪可罗),01005693
RX,A5,7,左氧氟沙星滴眼液（莎普爱思）,01009523
RX,A5,8,盐酸洛美沙星滴耳液（滴佑）HC,01009721
RX,A5,9,外用应急软膏,02006972
RX,A6,1,冰硼散（万通）,02007064
RX,A6,2,复方雪莲烧伤膏（乐赛仙）HC,02007185
RX,A6,3,锡类散（707）,10090109
RX,A6,4,冰硼散（冰中仙）,02005844
RX,A6,5,青鹏软膏（奇正）,02003325
RX,A6,6,冰硼散（善举）HC,02005843
RX,A6,7,积雪苷霜软膏 (芙原),02006009
RX,A7,1,喷昔洛韦乳膏（乐赛仙）HC,01004544
RX,A7,2,喷昔洛韦乳膏（华邦）,10010406
RX,A7,3,锡类散（南通）,50050206
RX,A7,4,复方酮康唑乳膏(普利恩)YK,01005563
RX,A7,5,卤米松乳膏（乐赛仙）HC,01005143
RX,A7,6,诺氟沙星滴眼液（快捷克）YYK,01009581
RX,A7,7,妥布霉素滴眼液YYK,01009580
RX,A8,1,洛索洛芬钠凝胶贴膏(久悦)LJY,01004846
RX,A8,2,洛索洛芬钠贴剂（乐松）,01003179
RX,A8,3,麝香止痛贴膏(乐赛仙)HC,02007268
RX,A8,4,伤湿祛痛膏（杏林泰）YK,02005530
RX,A9,1,吲哚美辛凝胶贴膏（安泰邦）YK,01009788
RX,A9,2,氟比洛芬凝胶贴膏（得百安）,01009934
RX,A9,3,氟比洛芬凝胶贴膏（孚乐可）,01009880
RX,B1,1,生理氯化钠溶液（科伦）,01004860
RX,B1,2,盐酸奥洛他定滴眼液(滴佑)HC,01009723
RX,B1,3,感冒欣喷雾剂（赛灵）LJY,02007204
RX,B2,1,盐酸左氧氟沙星滴耳液（左佛）,01009510
RX,B2,2,复方黄柏液涂剂(殨克)（舜圣堂）,02006234
RX,B2,3,苯扎氯铵溶液（优可适）,01003253
RX,B2,4,聚维酮碘含漱液（怡速欣）,01009809
RX,B2,5,美辛唑酮红古豆醇酯栓（志速宁）,02002823
RX,B2,6,氟芬那酸丁酯软膏（布特）,01009638
RX,B2,7,地奈德乳膏（福元）,01005601
RX,B3,1,妥布霉素地塞米松滴眼液（卓亮）,01004441
RX,B3,2,维A酸乳膏（楚舒）,01003796
RX,B3,3,他克莫司软膏（普特彼）,01003670
RX,B3,4,地奈德乳膏（力言卓）,10000106
RX,B3,5,夫西地酸乳膏（奥络）YW,01002772
RX,B3,6,人表皮生长因子（LR截短型）凝胶（易孚）,01005564
RX,B4,1,人表皮生长因子滴眼液（易贝）,01003988
RX,B4,2,他克莫司软膏（普特彼）,01001679
RX,B4,3,地奈德乳膏（力言卓）,01004599
RX,B4,3,夫西地酸乳膏（立思丁）,01002720
RX,B4,4,复方薄荷脑软膏（信龙）,01010054
RX,B4,5,咪喹莫特乳膏（丽科杰）,01004712
RX,B4,6,小儿暖脐膏（幼乐佳）NJ,02007164
RX,B5,1,复方酮康唑乳膏（王上王）YF,01003043
RX,B5,2,烧伤止痛药膏（善举）HC,02006482
RX,B5,3,盐酸环丙沙星乳膏（恒健）,50020297
RX,B5,4,复方酮康唑乳膏（乐赛仙）HC,01009718
RX,B5,5,氧氟沙星凝胶（万川医药）,01009708
RX,B5,6,氧氟沙星凝胶（愈芙）,01005098
RX,B5,7,氧氟沙星凝胶（金帆）,01005417
RX,B5,8,夫西地酸乳膏（华邦）,01009938
RX,B5,9,多磺酸粘多糖乳膏（喜辽妥）,10012245
RX,B5,10,咪康唑氯倍他索乳膏（顺峰）,01005633
RX,B5,11,醋酸曲安奈德尿素软膏（福元）,01002592
RX,B6,1,云南白药痔疮膏,02000894
RX,B6,2,夫西地酸乳膏（福元）,01009732
RX,B6,3,醋酸氟轻松乳膏（安泰邦）YK,01009664
RX,B6,4,丙酸氟替卡松乳膏（替美）ds,01004099
RX,B6,5,湿润烧伤膏（美宝）,50020100
RX,B6,6,积雪苷霜软膏 (康恩贝ynf),02004392
RX,B6,7,三黄珍珠膏（羚锐）（ZM）,02002768
RX,B6,8,青鹏软膏（通天河）YK,02006970
RX,B7,1,三味清热止痒洗剂(白云山)（曲曼）HC,02005873
RX,B7,2,保妇康凝胶(白马),02004689
RX,B7,3,复方甲硝唑阴道栓（纤如意）HC,01004391
RX,B7,4,康妇消炎栓（葵花）,02007247
RX,B7,5,康妇凝胶（健兴）,02003736
RX,B8,1,药艾条（爱一心）,02004447
RX,B8,2,汞溴红溶液（恒健）,01000078
RX,B8,3,复方醋酸氟轻松酊（一汀宁）,50040115
RX,B8,4,复方酮康唑发用洗剂(乐赛仙)HC,01004548
RX,B8,5,复方硫磺乳膏（川石）,10010241
RX,B8,6,哈西奈德溶液（辰欣）,50020106
RX,B8,7,拔毒膏（明太医）,02006226
RX,B8,8,复方酮康唑软膏（新亚康王）,79999986
RX,B8,9,曲安奈德新霉素贴膏（恒健）,30030109
RX,B9,1,复方酮康唑发用洗剂（康王）,01005401
RX,B9,2,复方酮康唑发用洗剂（鑫烨）,01002611
RX,B9,3,复方酮康唑发用洗剂(保龙康),01009559
RX,B9,3,复方酮康唑发用洗剂（康王）,50040007
RX,B9,4,复方酮康唑发用洗剂（采能）,01003622
RX,B9,5,哈西奈德溶液（玉虎牌）,01009699
RX,B9,6,复方酮康唑软膏（皮康王）,90010045
RX,B9,7,复方酮康唑发用洗剂（康王）,50040101
RX,B9,8,复方酮康唑发用洗剂（采能）,01003097
RX,C1,1,藤黄健骨丸（北方经开）,02005451
RX,C1,2,克痹骨泰胶囊（福爱康）,02006893
RX,C1,3,独一味软胶囊（善举）HC,02007305
RX,C1,4,头孢氨苄颗粒(葵花),0202097
RX,C2,1,独活寄生丸（善举）HC,02007307
RX,C2,2,尼美舒利胶囊(乐赛仙)HC,01009768
RX,C2,3,氨糖美辛肠溶片（逸舒金装）ZM,01001641
RX,C2,4,滑膜炎胶囊（神威）,02007332
RX,C3,1,三七伤药片（善举）HC,02006433
RX,C3,2,双氯芬酸钠缓释胶囊(安泰邦)YK,01004194
RX,C3,3,洛索洛芬钠胶囊（轻松鸟）（金鸿）,01010073
RX,C3,4,塞来昔布胶囊 （安泰邦）YK,01009807
RX,C4,1,伸筋丹胶囊（骨郎中）ZM,02004331
RX,C4,2,万通筋骨片（山雄）(万通1),10140007
RX,C4,3,强力天麻杜仲丸（太极）TJG,02004884
RX,C4,4,加味天麻胶囊（葵花）BX,02000560
RX,C4,5,美洛昔康片（普利洛）（中大）,01002409
RX,C5,1,强力天麻杜仲胶囊(雷氏),02006428
RX,C5,2,阿西美辛缓释胶囊（高顺松）（石药）,01005325
RX,C5,3,塞来昔布胶囊（优得宁）（石药欧意）,01003543
RX,C5,4,非布司他片（希冀康）,01009561
RX,C5,5,双氯芬酸钠缓释片（中大）,01004939
RX,C6,1,活络消痛片（葵花）BX,02000517
RX,C6,2,洛索洛芬钠片(乐赛仙)HC,01004217
RX,C6,3,尼美舒利分散片（山易亭),10020492
RX,C6,4,塞来昔布胶囊（西乐葆）,10040256
RX,C6,5,塞来昔布胶囊（西乐葆）,01003315
RX,C7,1,乌金活血止痛片（善举）HC,02007306
RX,C7,2,舒筋胶囊（仙泰）（中大）,02007021
RX,C7,3,去痛片（达洛克）,01002666
RX,C7,4,洛索洛芬钠胶囊（轻松鸟）（金鸿）,01004162
RX,C7,5,塞来昔布胶囊（布兰舒）（中大）,01005638
RX,C8,1,尼美舒利颗粒,01000333
RX,C8,2,艾瑞昔布片（恒扬）,01003497
RX,C8,3,依托考昔片（齐明舒）（齐鲁）QL,01003896
RX,C8,4,双氯芬酸钠缓释片（仁和中方）,01002033
RX,C8,5,双氯芬酸钠缓释片（特适纳）,01004225
RX,C9,1,依托考昔片（乐赛仙）HC,01005630
RX,C9,2,非布司他片（优立通）,01003458
RX,C9,3,双氯芬酸钠缓释片（迪根）,10023009
RX,C9,4,复方乙酰水杨酸片（武药）,01009613
RX,C9,5,盐酸乙哌立松片（妙纳）（薄膜衣）,01001309
RX,C9,6,云南白药粉.,10020127
RX,C10,1,天麻丸,10024111
RX,C10,2,舒筋活血片,02005693
RX,C10,3,伸筋丹胶囊（人生）,02003482
RX,C10,4,塞来昔布胶囊（奈奇）,01003361
RX,C10,5,腰痛片（诺得胜）,30050025
RX,C10,6,骨刺平片（观鹤）,10021035
RX,C10,7,双氯芬酸钠肠溶片（白云山）,01004821
RX,C10,8,三七伤药片,02005694
RX,C10,9,双氯芬酸钠肠溶片（扶他林）,10020172
RX,D1,1,舒筋活血片（乐赛仙）（石药）HC,02004129
RX,D1,2,活血应痛丸（丹龙）,01004001
RX,D1,3,舒筋丸（善举）HC,02007502
RX,D1,4,舒筋活血片（朗致）,02006962
RX,D1,5,颈康胶囊(中大立颗),02005348
RX,D1,6,白芍总苷胶囊（帕夫林）,01005323
RX,D1,7,独活寄生丸（立效）,02001278
RX,D2,1,骨刺消痛片（中大）,02005897
RX,D2,2,腰息痛胶囊（九州通）J,02004473
RX,D2,3,骨康胶囊（奥奇宁）,10550004
RX,D2,4,舒筋丸（葵花）BX,02000500
RX,D2,5,腰息痛胶囊（兰奇）（中大）,02005901
RX,D2,6,抗骨增生片（诺得胜）,10300012
RX,D3,1,复方羊角颗粒（善举）HC,02004141
RX,D3,2,风湿骨痛胶囊(中国药材),02004691
RX,D3,3,抗骨增生片（太极）,02005990
RX,D3,4,舒筋活血片（元典）YK,02005591
RX,D3,5,颈康胶囊（仁和中方）,02001587
RX,D3,6,右旋酮洛芬氨丁三醇片（葵拉兰）,01004725
RX,D3,7,双氯芬酸钠缓释胶囊（佳康）DSL,01005361
RX,D4,1,腰息痛胶囊（元典）YK,02007331
RX,D4,2,强力天麻杜仲丸（太极）,02005848
RX,D4,3,三七伤药片（太极）,02003506
RX,D4,4,痹祺胶囊,02003840
RX,D4,5,洛索洛芬钠片（安普洛）,01004724
RX,D4,6,三七伤药片（葵花）BX,02001534
RX,D5,1,痛风舒片（善举）（乐赛仙）HC,02004781
RX,D5,2,独一味软胶囊（舍济）,02000821
RX,D5,3,腰痹通胶囊（康缘）,10013054
RX,D5,4,伤痛宁胶囊（彤医）,02003517
RX,D5,5,腰息痛胶囊（老专家）,30120002
RX,D5,6,吲哚布芬片SY,01002637
RX,D5,7,双氯芬酸钠缓释胶囊（英太青）,01004919
RX,D6,1,腰息痛胶囊（仁和中方）,01001180
RX,D6,2,骨折挫伤胶囊（远达）,10020317
RX,D6,3,风湿定胶囊 （元典）YK,02007346
RX,D6,4,颈康胶囊,02004321
RX,D6,5,云南白药胶囊,10020126
RX,D6,6,祖师麻片,50050043
RX,D7,1,滑膜炎片（德济）,02004711
RX,D7,2,风湿安泰片（九州通）J,02004470
RX,D7,3,双氯芬酸钠缓释胶囊（I）（步长）(367步长),01000626
RX,D7,4,美洛昔康片（康亚）,30050069
RX,D7,5,骨筋丸胶囊(老东家),02005703
RX,D7,6,秋水仙碱片（乐赛仙）HC,01005101
RX,D7,7,苯溴马隆片（立加利仙）,10010813
RX,D8,1,腰痛宁胶囊（颈复康）,02002990
RX,D8,2,仙灵骨葆胶囊（同济堂）gy,30050054
RX,D8,3,硫酸羟氯喹片（纷乐）,10100032
RX,D8,4,洛索洛芬钠片（乐松）,20020196
RX,D8,5,依托考昔片（安康信）,01000629
RX,D8,6,洛索洛芬钠胶囊（康威迪克）,01001520
RX,D9,1,疏风定痛丸（乐赛仙）HC,02006439
RX,D9,2,抗骨增生片（元典）YK,02007355
RX,D9,3,去痛片（海王）,01005420
RX,D9,4,别嘌醇片（久联）,01002625
RX,D9,5,三七伤药片（密之康）,02001312
RX,D9,6,壮骨关节丸（999D）,30050020
RX,D9,7,氨基比林咖啡因片（海外投腾片）,01003799
RX,D9,8,秋水仙碱片（版纳）,10040231
RX,D10,1,金乌骨通胶囊（神奇）,10014015
RX,D10,2,强力天麻杜仲胶囊（健通）,30040025
RX,D10,3,美洛昔康片（康亚）,30050069
RX,D10,4,吲哚美辛胶囊（汾河）,01001823
RX,D10,5,吲哚美辛肠溶片,10030264
RX,D10,6,氨基比林咖啡因片（银河）,01004340
RX,D10,7,醋酸泼尼松片（中南）（套盒）,01009605
RX,D10,8,醋酸地塞米松片（强身）,01002261
RX,D10,9,利伐沙班片（安泰邦）YK,01005583
RX,D11,1,麝香接骨胶囊（古方悬壶）YYK,02007573
RX,D11,2,安乃近片,01003118
RX,D11,3,双氯芬酸钠双释放肠溶胶囊（戴芬）,10020208
RX,D11,4,尼美舒利胶囊,01004121
RX,D11,5,骨化三醇软胶囊（安士）,01005338
RX,D11,6,苯甲酸利扎曲普坦片（欧力停）,01005566
RX,E1,1,瑞舒伐他汀钙片（葆安宁）SQ,01005430
RX,E1,2,二甲双胍格列本脲胶囊（I）(万通2),01009647
RX,E1,3,阿托伐他汀钙片（福爱康）,01005502
RX,E1,4,冠心生脉丸（立效）,02001186
RX,E1,5,胞磷胆碱钠胶囊（思考林）（齐鲁）QL,01003894
RX,E1,6,单硝酸异山梨酯片（鲁南）,10030042
RX,E1,7,单硝酸异山梨酯缓释片,01001643
RX,E2,1,单硝酸异山梨酯片（ 安泰邦）YK,01009792
RX,E2,2,降脂灵片（太极）（桐君阁）TJG,02007082
RX,E2,3,盐酸二甲双胍缓释片（美葛平）（中大）,01010043
RX,E2,4,二甲双胍格列本脲片（II）（兰奇）（中大）,01003586
RX,E2,5,4+7阿托伐他汀钙片（大立普妥）,10100301
RX,E3,1,降糖胶囊（长仙）YF,30010002
RX,E3,2,盐酸二甲双胍缓释片（安欣健BCMB,01005333
RX,E3,3,格列吡嗪片（安泰邦）YK,01009662
RX,E3,4,阿托伐他汀钙片（喜洛宁）（兰奇）（中大）Z,01004326
RX,E3,5,阿托伐他汀钙片（康宜妥）（北京福元）TC,01003553
RX,E3,6,格列齐特缓释片（诺贝华乐）DSL,01004566
RX,E4,1,消渴降糖胶囊 （元典）YK,02007359
RX,E4,2,盐酸二甲双胍缓释片（齐佶）ZM,01002111
RX,E4,3,瑞舒伐他汀钙片（联邦必妥）（积盛和）,01009751
RX,E4,4,达格列净片（美乐堂）（中大）,01009689
RX,E4,5,瑞舒伐他汀钙片（伊能舒）,01004948
RX,E4,6,胞磷胆碱钠胶囊（思考林）（齐鲁）QL,01000420
RX,E5,1,瑞舒伐他汀钙片（中大）Z,01003489
RX,E5,3,达格列净片（海迈康）（仁和中方）,01009826
RX,E5,4,阿卡波糖片（卡博平）,01009544
RX,E5,5,格列齐特片（海王）,01003749
RX,E5,6,阿卡波糖片（金卡平）（千金湘江）,01003665
RX,E5,7,匹伐他汀钙片（邦之）,01002760
RX,E5,8,阿托伐他汀钙片（喜洛宁）（兰奇）Z,01004325
RX,E5,9,瑞舒伐他汀钙片（瑞旨）,01002718
RX,E6,1,达格列净片（福唐舒）,01009710
RX,E6,2,瑞舒伐他汀钙片（海舒严）,01003518
RX,E6,3,4/7阿托伐他汀钙片（阿乐）,50040054
RX,E6,4,瑞舒伐他汀钙片（可定）,01009958
RX,E6,5,达格列净片（安达唐）as,01002600
RX,E6,6,达格列净片（安达唐）,01005219
RX,E6,7,单硝酸异山梨酯软胶囊（舒必莱特）,01009743
RX,E7,1,胞磷胆碱钠胶囊（思考林）（齐鲁）QL,01000420
RX,E7,2,阿卡波糖片（欣维平）（欧意）,01005224
RX,E7,3,阿卡波糖片（卡博平）,10010458
RX,E7,4,恩格列净片（孚来欣）,01003952
RX,E7,5,盐酸二甲双胍片（格华止）,30010008
RX,E7,6,普伐他汀钠片(美百乐镇),01000200
RX,E8,1,血脂康胶囊as,02004829
RX,E8,2,阿托伐他汀钙片（美达信）QL,01003906
RX,E8,3,盐酸二甲双胍片（双乐欣）（石药）,01003292
RX,E8,4,普罗布考片（畅泰）,01000548
RX,E8,5,4/7瑞舒伐他汀钙片（可定）as,01000326
RX,E8,6,格列美脲片（万苏平）ZM,01001704
RX,E8,7,4+7阿托伐他汀钙片（立普妥）,01002921
RX,E8,8,脂必妥片,10030066
RX,E8,9,艾托格列净片（捷诺妥）,01004371
RX,E8,10,格列吡嗪片（春都）DSL,01002631
RX,E8,11,4/7阿托伐他汀钙片（阿乐）,01001912
RX,E8,12,卡维地洛片（金络）（齐鲁）QL,10030129
RX,E8,13,非诺贝特胶囊（力平之）,10013100
RX,E8,14,恩格列净片（科糖恩）ds,01004430
RX,E9,1,盐酸二甲双胍缓释片（双乐欣）,01004159
RX,E9,2,盐酸二甲双胍缓释片(麦特美)（黄海h）,01003030
RX,E9,3,消渴丸（中一）,30010016
RX,E9,4,盐酸二甲双胍缓释片（悦达宁）,30020110
RX,E9,4,盐酸二甲双胍缓释片（麦特美）（黄海h）,10030191
RX,E9,5,盐酸二甲双胍肠溶片（天安）（安多可）,30010028
RX,E9,6,阿卡波糖片（拜唐苹）,10010152
RX,E9,7,盐酸二甲双胍片（京丰）,10030223
RX,E9,8,呋塞米片（光辉）套盒,01001552
RX,E9,9,非诺贝特片（信谊）,01004428
RX,E10,1,阿托伐他汀钙片（美达信）QL,01003624
RX,E10,2,沙格列汀二甲双胍缓释片（I）（安立格）,01003754
RX,E10,3,盐酸曲美他嗪片（泽维尔）（福元）,01003490
RX,E10,4,格列本脲片（套盒）（云鹏）,30010027
RX,E10,5,螺内酯片(圣迪),01002229
RX,F1,1,清脑降压片（百岁爱）HC,02004570
RX,F1,2,盐酸氟桂利嗪胶囊（西比灵）,01005519
RX,F1,3,血府逐瘀片（海天）,30040225
RX,F1,4,养阴降压胶囊（广盛原）,02005303
RX,F1,5,硝苯地平缓释片（Ⅱ）（仁和中方）,01001169
RX,F1,6,银杏叶软胶囊（福爱康）,02006905
RX,F1,7,心脑康胶囊（中大）,02005899
RX,F2,1,苯磺酸氨氯地平片（山岳）,01003373
RX,F2,2,苯磺酸氨氯地平片（福爱康）,01005500
RX,F2,3,苯磺酸氨氯地平片（建功）SQ,01005080
RX,F2,4,4/7苯磺酸氨氯地平片（俞氏）（鑫烨）,01002634
RX,F2,5,硝苯地平缓释片（I）（美舒通）(特格尔),01002890
RX,F2,6,苯磺酸氨氯地平片（久保舒）,01003684
RX,F2,7,苯磺酸左氨氯地平片（乐赛仙）HC,01002861
RX,F3,1,替米沙坦胶囊（仁和中方）,01002936
RX,F3,2,替米沙坦片（建功）SQ,01005293
RX,F3,3,厄贝沙坦片（福爱康）,01005503
RX,F3,4,替米沙坦胶囊（希冀康）,01009562
RX,F3,5,替米沙坦片（沙泰齐）（兰奇）（中大）,01003585
RX,F3,6,替米沙坦片（邦坦）ZM,01001705
RX,F3,7,厄贝沙坦片（佳康）DSL,01005360
RX,F3,8,缬沙坦片（倍泽）,01004654
RX,F4,1,厄贝沙坦分散片（乐赛仙）HC,01005197
RX,F4,2,缬沙坦分散片（缬欣）ZM,01002082
RX,F4,3,坎地沙坦酯胶囊（舒雅达）（国风L）,01002502
RX,F4,4,厄贝沙坦氢氯噻嗪片（福爱康）,01005501
RX,F4,5,硝苯地平缓释片（Ⅱ）（伲福达）（黄海h）,01001780
RX,F4,6,苯磺酸左氨氯地平片（延福泰）,01009952
RX,F4,7,缬沙坦胶囊（建功）SQ,01004528
RX,F5,1,缬沙坦氨氯地平片（瑞心安）,01004653
RX,F5,2,厄贝沙坦片 （安泰邦）YK,01009802
RX,F5,3,缬沙坦胶囊（安泰邦）YK,01009670
RX,F5,4,盐酸贝尼地平片（元治）,01003163
RX,F5,5,吲达帕胺片（建功）SQ,01005289
RX,F5,6,替米沙坦片（安泰邦)YK,01009669
RX,F5,7,缬沙坦氨氯地平片(Ⅰ)(建功)SQ,01004688
RX,F5,8,缬沙坦氨氯地平片(Ⅰ)（倍博特）NH,01003450
RX,F5,9,厄贝沙坦氢氯噻嗪片（安博诺）,01003540
RX,F5,10,缬沙坦氢氯噻嗪片（复代文）NH,01001077
RX,F6,1,吲达帕胺片(屏美）ZS,01000807
RX,F6,2,吲达帕胺片（乐赛仙）HC,01003247
RX,F6,3,吲达帕胺片（寿比山）,01009695
RX,F6,4,吲达帕胺片（寿如松）（天方）,30040190
RX,F6,5,酒石酸美托洛尔片（善举）HC,01009583
RX,F6,6,厄贝沙坦氢氯噻嗪片 （安泰邦）YK,01009797
RX,F6,7,马来酸依那普利片（依普力）（中大）,01004322
RX,F6,8,4+7马来酸依那普利片（小依苏）,10015511
RX,F6,9,沙库巴曲缬沙坦钠片（悦欣妥）,01009716
RX,F6,10,4+7马来酸依那普利片（依苏）ZM,10030256
RX,F6,11,马来酸依那普利片 （安泰邦）YK,01009804
RX,F7,1,琥珀酸美托洛尔缓释片（倍他乐克）as,01002824
RX,F7,2,4/7马来酸依那普利片,10030080
RX,F7,3,琥珀酸美托洛尔缓释片（倍他乐克）as,10030382
RX,F7,3,酒石酸美托洛尔片（倍他乐克）,01003441
RX,F7,4,酒石酸美托洛尔片（西苑）,01004900
RX,F7,5,酒石酸美托洛尔,01010333
RX,F7,5,酒石酸美托洛尔片（倍他乐克）,10030069
RX,F7,5,酒石酸美托洛尔片（倍他乐克）,10030141
RX,F8,1,阿司匹林肠溶片（仁和中方）,01009831
RX,F8,2,阿司匹林肠溶片（建功）SQ,01005290
RX,F8,3,阿司匹林肠溶片（阿容）,01001653
RX,F8,4,阿司匹林肠溶片（阿比康）（石药欧意）ZM,01004094
RX,F8,5,琥珀酸美托洛尔缓释片（安泰邦）YK,01005577
RX,F8,6,血塞通片（特安呐）ZM（深圳高和）,01003324
RX,F8,7,血塞通片（贵珍林）SQ,02005954
RX,F8,8,阿司匹林肠溶片（拜阿司匹灵）by,10020286
RX,F9,1,复方丹参片（时代阳光）YF,02004189
RX,F9,2,复方丹参片（白云山）,02004114
RX,F9,3,复方丹参片（乐赛仙）HC,02007045
RX,F9,4,脑络通胶囊（福瑞堂）,02003407
RX,F9,5,阿司匹林肠溶片 (拜阿司匹灵)SY,01005507
RX,F9,6,复方利血平氨苯蝶啶片（0号）,30014310
RX,F9,7,血府逐瘀丸（丹龙）HC,02007046
RX,F9,8,非洛地平缓释片（波依定）,10071001
RX,F9,9,艾地苯醌片（金博瑞）,01005245
RX,F9,10,替格瑞洛片（倍林达）,01003349
RX,F10,1,硫酸氢氯吡格雷片（波立维）,30040043
RX,F10,1,血府逐瘀胶囊（红花牌）,10014323
RX,F10,2,地奥心血康胶囊,10030067
RX,F10,2,甲磺酸倍他司汀片（敏使朗）,10030383
RX,F10,3,清脑降压片（古方悬壶）YYK,02007139
RX,F10,3,阿司匹林肠溶片（奥吉娜）,30040306
RX,F10,4,4/7氯沙坦钾片（科素亚）,01001300
RX,F10,4,甲钴胺片（欣昆）,01005484
RX,F10,5,替格瑞洛片（倍林达）as,01001849
RX,F10,5,辅酶Q10片（能气朗）,10010017
RX,F10,6,替格瑞洛片（康迈瑞）,01003811
RX,F10,6,非洛地平缓释片（波依定）,10070189
RX,F10,7,复方利血平氨苯蝶啶片（0号）,10030079
RX,F10,7,非洛地平缓释片（安泰邦）YK,01005562
RX,F10,8,厄贝沙坦氢氯噻嗪片（安博诺）,40010024
RX,F10,8,盐酸普萘洛尔片,10030026
RX,F10,9,脑安胶囊(亚东),02004393
RX,F10,10,缬沙坦氨氯地平片(Ⅰ)（倍博特）NH,01001050
RX,F10,11,尼莫地平片（亚宝）,10030018
RX,F10,12,阿司匹林肠溶片（阿容）,10013002
RX,G1,1,心脑康胶囊（仁和中方）,02002906
RX,G1,2,脑心通胶囊（步长Ⅰ）,02001386
RX,G1,3,银杏叶片（荣昌）ZM,02007178
RX,G1,4,银杏叶片（中大）,02004450
RX,G1,5,血塞通胶囊（维和）,02003232
RX,G1,6,维立西呱片（唯可同）,01004478
RX,G2,1,硝苯地平控释片 (拜新同)by,01005506
RX,G2,2,硝苯地平缓释片（II)（安泰邦）YK,01009671
RX,G2,3,4/7苯磺酸氨氯地平片（仁和中方）,01001226
RX,G2,4,硝苯地平控释片（欣然）,01002564
RX,G2,5,硝苯地平控释片（欣然）,01002602
RX,G2,5,苯磺酸氨氯地平片（京新）,01004974
RX,G2,6,4+7苯磺酸氨氯地平片（络活喜）,10012203
RX,G2,7,苯磺酸左氨氯地平片（施慧达）,10014030
RX,G3,1,缬沙坦胶囊（穗悦）,01001605
RX,G3,2,替米沙坦片（美卡素）,01000230
RX,G3,2,缬沙坦胶囊(托平),01002967
RX,G3,3,沙库巴曲缬沙坦钠片（诺欣妥）NH,01002842
RX,G3,3,缬沙坦胶囊（星复康）ZM,01002750
RX,G3,4,4/7厄贝沙坦片（吉加）（恒瑞）,10030399
RX,G3,4,4/7苯磺酸氨氯地平片（安内真）,10011159
RX,G3,5,硝苯地平控释片（拜新同）by,30044004
RX,G3,5,缬沙坦胶囊（代文）NH,01003310
RX,G3,6,4/7苯磺酸氨氯地平片（络活喜）,01002922
RX,G3,6,缬沙坦胶囊(代品),00010415
RX,G3,7,4/7厄贝沙坦片（安博维）,30040135
RX,G3,7,马来酸左氨氯地平片（玄宁）,01001582
RX,G3,8,厄贝沙坦片（安来）,01003484
RX,G3,8,苯磺酸氨氯地平片（坦路安）,01005112
RX,G4,1,养心氏片（国风L）,02004759
RX,G4,2,甲钴胺胶囊（福爱康）,01005499
RX,G4,3,血塞通片（维和）YW,02004830
RX,G4,4,甲钴胺片（建功）SQ,01005287
RX,G4,5,硝苯地平控释片（欣然）,01009683
RX,G4,6,甲钴胺片（欧维）（欧意）,01002769
RX,G4,7,甲钴胺片（弥可保）,10080006
RX,G5,1,盐酸氟桂利嗪胶囊（正远）,01005270
RX,G5,2,盐酸氟桂利嗪胶囊（建功）SQ,01004526
RX,G5,3,替米沙坦片（雪盈平）,01000653
RX,G5,4,沙库巴曲缬沙坦钠片（悦欣妥）,01009716
RX,G5,5,甲钴胺胶囊（中大）,01002995
RX,G5,6,甲钴胺片(康恩贝),01001711
RX,G5,7,盐酸氟桂利嗪胶囊（中大）（康氟诺）,01004384
RX,G5,8,甲钴胺片（希冀康）,01009568
RX,G6,1,参松养心胶囊（以岭）,02007035
RX,G6,1,盐酸氟桂利嗪胶囊（扶健）,01002533
RX,G6,2,单硝酸异山梨酯片（福曼医）,01004449
RX,G6,2,盐酸氟桂利嗪胶囊（海王）,01003847
RX,G6,3,甲钴胺胶囊（中大）,01010044
RX,G6,3,血塞通片（维和）,10032271
RX,G6,4,七叶皂苷钠片（欧开）,01002359
RX,G6,4,稳心颗粒（无蔗糖）（步长Ⅰ）,02000585
RX,G6,4,血塞通片（维和）,02000001
RX,G6,5,参松养心胶囊（以岭）,02000656
RX,G6,5,银杏叶提取物片（金纳多）,01000575
RX,G6,6,苯磺酸氨氯地平片（亚尼安）,01003806
RX,G7,1,盐酸拉贝洛尔片（迪赛诺/倍禾）,01003162
RX,G7,2,卡维地洛片（金络）（齐鲁）QL,10030129
RX,G7,3,甲磺酸多沙唑嗪缓释片(可多华),01003222
RX,G7,4,麝香保心丸（和黄）ZM,02003198
RX,G7,5,薯蓣皂苷片（维奥欣）,01000495
RX,G7,6,脑安滴丸（雷允上）,02002584
RX,G7,7,尼可地尔片（喜格迈）,01002565
RX,G8,1,降压片（宝树堂）,02006438
RX,G8,2,宁心宝胶囊（神华维康）,30040232
RX,G8,3,甲钴胺胶囊（奇信）,40010025
RX,G8,4,华法林钠片,10011206
RX,G8,5,华法林钠片（信谊）,10030064
RX,G8,6,银丹心泰滴丸（君之堂）,10030343
RX,G8,7,辅酶Q10胶囊（信谊）,10030234
RX,G8,8,地高辛片（信谊）,30041101
RX,G8,8,盐酸倍他司汀片（格瑞科）,01009775
RX,G8,9,藻酸双酯钠片（海尔）,10040239
RX,G8,10,盐酸普罗帕酮片（龙源）（信谊）,01004291
RX,G8,11,珍菊降压片（亚宝）,30040115
RX,G8,12,盐酸倍他司汀片（格瑞科）,01009775
RX,G8,13,硝苯地平缓释片（Ⅱ）（伲福达）（黄海h）,10030021
RX,G8,14,硝酸甘油片（京益）,10087412
RX,G9,1,富马酸比索洛尔片（博苏）（华素）,10020344
RX,G9,2,复方罗布麻片（山西云鹏）,01000844
RX,G9,3,复方利血平片（圣迪）,01002244
RX,G9,4,硝苯地平片（云鹏）,10034004
RX,G9,5,氢氯噻嗪片（翔宇乐康）,10150001
RX,G9,6,尼莫地平片(新华),30011030
RX,G9,7,卡托普利片,01000845
RX,G9,8,尼群地平片（辰欣）,10010619
RX,H1,1,口服补液盐散（III）（博叶）,01005412
RX,H1,2,维U颠茄铝胶囊III（正远）,01004648
RX,H1,3,雷贝拉唑钠肠溶片（安泰邦）YK,01005582
RX,H1,4,复方黄连素片（善举）HC,02004786
RX,H1,5,胃炎康胶囊(万通1),02000577
RX,H1,6,泮托拉唑钠肠溶胶囊（乐赛仙）HC,01002859
RX,H2,1,藿香清胃胶囊（积盛和）,02007319
RX,H2,2,双金胃肠胶囊（摩美得）,02004498
RX,H2,3,雷贝拉唑钠肠溶片（欧嘉安）,01004929
RX,H2,4,雷贝拉唑钠肠溶片（乐赛仙）HC,01004911
RX,H2,5,雷贝拉唑钠肠溶片（瑞波特）,10015061
RX,H2,6,复方黄连素片（太极）（独圣）,02003507
RX,H3,1,康复新液（元典）YK,02007340
RX,H3,2,小建中颗粒（达嘉维康）,02007375
RX,H3,3,甘海胃康胶囊（药王山）STD,02000841
RX,H3,4,苋菜黄连素胶囊（海王）,02005148
RX,H3,5,康复新液（好医生w）（金承）,02005971
RX,H3,6,蒲元和胃胶囊（卫太医）,02002056
RX,H4,1,口服补液盐散(Ⅲ)(乐赛仙)HC,01009982
RX,H4,2,温脾固肠散（广盛原）,02005304
RX,H4,3,甘海胃康胶囊（药王山）,02000618
RX,H4,4,消炎止痢灵片（庆瑞）,50050116
RX,H4,5,胶体果胶铋胶囊（福爱康）,01005487
RX,H4,6,复方黄连素片（太极）（独圣）,02007052
RX,H4,7,复方黄连素片（积盛和）,02007317
RX,H5,1,健胃消食口服液（济川）,02004948
RX,H5,2,开胸顺气丸（仲景）,02003217
RX,H5,3,庆大霉素普鲁卡因维B12颗粒（中大）,01002451
RX,H5,4,复方黄连素片（贵珍林）SQ,02006652
RX,H5,5,兰索拉唑肠溶片,01001622
RX,H5,6,胶体果胶铋胶囊（中大）,01002453
RX,H5,7,乳果糖口服溶液（杜秘克）RX,10013121
RX,H6,1,硫糖铝混悬凝胶（素可立）,01001931
RX,H6,2,开胸顺气丸（名草）,02003594
RX,H6,3,艾司奥美拉唑镁肠溶片(耐信)as,01000471
RX,H6,4,胃复春胶囊（胡庆余堂）,02005106
RX,H6,5,泮托拉唑钠肠溶片（可可康）DSL,01002805
RX,H6,6,快胃片（国风L）,02002038
RX,H6,7,胶体果胶铋胶囊（云鹏）,01010016
RX,H6,8,四消丸（孔孟）,30020071
RX,H7,1,雷贝拉唑钠肠溶片（安斯菲）（迪康）ZM,01003085
RX,H7,1,马来酸曲美布汀片（乐赛仙）HC,01005145
RX,H7,2,开胸顺气丸（善举）HC,02006620
RX,H7,2,艾司奥美拉唑镁肠溶胶囊（欧倍妥）,01003989
RX,H7,3,枸橼酸莫沙必利片（快力）,10040358
RX,H7,3,泮托拉唑钠肠溶片（舒可意）,01004378
RX,H7,4,泮托拉唑钠肠溶胶囊(泮立苏),00040255
RX,H7,4,盐酸伊托必利片（为力苏）,01003288
RX,H7,5,兰索拉唑肠溶片（中大）,01004025
RX,H7,5,吡哌酸片（新华）,01004408
RX,H7,6,三分三浸膏片（雲植）,02004382
RX,H7,6,复方黄连素片,02003573
RX,H7,7,马来酸曲美布汀片（援生力维）,10010623
RX,H7,8,泮托拉唑钠肠溶胶囊（安泰邦）YK,01009668
RX,H7,9,铝碳酸镁片（中大）（喜立达）,01002452
RX,H7,10,奥美拉唑肠溶片（兰尼）,01002414
RX,H8,1,阑尾消炎片,10330006
RX,H8,2,快胃片（国风L）,10040057
RX,H8,3,阑尾消炎片（国风L）,10010082
RX,H8,4,美沙拉秦缓释颗粒剂（艾迪莎）,02000208
RX,H8,5,复方阿嗪米特肠溶片（泌特）,01003791
RX,H8,6,瑞巴派特片（膜固思达）,01004375
RX,H8,7,替普瑞酮胶囊（益维固）,01005593
RX,H8,8,奥美拉唑肠溶胶囊(罗欣恩康）,01003525
RX,H8,9,替普瑞酮胶囊（施维舒）,01000436
RX,H8,10,呋喃唑酮片（玉威）,01003959
RX,H9,1,药用炭片（爱西特）,10010108
RX,H9,2,固肠止泻丸（泾渭）,02005984
RX,H9,3,四神丸（同仁堂）,02001047
RX,H9,4,奥美拉唑肠溶胶囊（立卫克）,01001437
RX,H9,5,盐酸伊托必利片（唯比力）,01003887
RX,H9,6,消旋山莨菪碱片(豫普）（套盒）,01002389
RX,H9,7,盐酸洛哌丁胺胶囊（中杰易拉克）,01009857
RX,H9,8,枸橼酸莫沙必利片(瑞琪),10040007
RX,H9,9,富马酸伏诺拉生片（沃克）,01003666
RX,H9,10,呋喃唑酮片（云鹏）,01003455
RX,H9,11,腹痛水,02000721
RX,H9,12,呋喃妥因肠溶片（云鹏）（套盒）,01009606
RX,I1,1,十二乌鸡白凤丸（仁和中方）,02007063
RX,I1,2,女宝胶囊（春梦）,30100005
RX,I1,3,黄体酮软胶囊（琪宁）,10190005
RX,I2,1,夏枯草口服液（无蔗糖）（即瑞）,02004287
RX,I2,2,桂枝茯苓胶囊（康缘）,30030016
RX,I2,3,盆炎净胶囊（利华）,10060232
RX,I2,4,红金消结胶囊（老方）,02000118
RX,I3,1,新生化颗粒,10060308
RX,I3,2,更年安片（葵花）BX,02000504
RX,I3,3,乳宁片(纤如意),20064311
RX,I3,4,宫炎平分散片（华纳红悦）YF,02004456
RX,I4,1,宫血停颗粒（步长）(367步长),02002751
RX,I4,2,康妇炎胶囊（步长367）,02004045
RX,I4,3,妇炎康分散片（天曜堂）,02007076
RX,I4,4,乳癖康胶囊（善举）HC,02005710
RX,I5,1,戊酸雌二醇片（补佳乐）,30030061
RX,I5,2,宫炎平胶囊（江西民济）,02002222
RX,I5,3,地屈孕酮片（奥欣桐）,01004787
RX,I5,4,屈螺酮炔雌醇片（II）（优思悦）,02005590
RX,I5,5,地屈孕酮片（达芙通）,01001311
RX,I6,1,乳癖消片（好护士）,30100028
RX,I6,2,内消瘰疬丸（佛慈）,02005261
RX,I6,3,断血流片(套盒)（音必）,02003444
RX,I6,4,散结镇痛胶囊（康缘）,50050040
RX,I6,5,妇炎康片（湘泉）,10060003
RX,I6,6,桂枝茯苓丸（立效）,10060174
RX,I6,7,大黄蛰虫丸（同仁堂）,10012240
RX,I7,1,盆炎净胶囊（大洋）,02000851
RX,I7,2,黄体酮胶囊（益玛欣）,01003459
RX,I7,3,桂枝茯苓丸（善举）HC,02007518
RX,I7,4,桂枝茯苓丸SY,02005317
RX,I7,5,小金丸,30100007
RX,I8,1,复方苦参洗剂（杰娜）SQ,02005958
RX,I8,2,妇洁舒洗液（天曜堂）,02007077
RX,I8,3,妇科千金胶囊,02002985
RX,I8,4,黄藤素分散片（云植）,02007108
RX,I9,1,断血流胶囊（古方悬壶）YYK,02007136
RX,I9,2,内消瘰疬丸（唐龙）,02000638
RX,I10,1,红核妇洁洗液 (步长367),02006748
RX,J1,1,复方营养混悬剂（海汇要素）（整蛋白型肠内营养剂）,01005089
RX,J1,2,复方营养混悬剂（海汇要素）（整蛋白型肠内营养剂）,01005086
RX,J1,3,复方营养混悬剂（海汇要素）（整蛋白型肠内营养剂）,01005177
RX,J2,1,金匮肾气丸（达仁堂）,02005723
RX,J2,2,金匮肾气丸（同仁堂）,10010163
RX,J2,3,金锁固精丸（浓缩丸） （杏林泰）YK,02007354
RX,J2,4,舒肝解郁胶囊（康弘）,02003972
RX,J2,5,养血生发胶囊（红花牌）,02006040
RX,J2,6,养血生发胶囊（白云山）,02002429
RX,J2,8,待补商品名（10771124）,10771124
RX,J2,8,金匮肾气丸（葵花）BX,02002877
RX,J2,9,右归丸（仲景）,10070238
RX,J3,1,柏子养心丸（同仁堂）,10010162
RX,J3,2,柏子养心丸（水蜜丸）（杏林泰）YK,02007343
RX,J3,3,朱砂安神丸（特研）,02006210
RX,J3,4,疏肝益阳胶囊（益佰）,02005437
RX,J3,5,朱砂安神丸（龙仕康）,02007043
RX,J3,6,朱砂安神丸（银河）,30040138
RX,J3,7,他达拉非片(海格力),01009548
RX,J3,8,枸橼酸西地那非片（积盛和）,01009759
RX,J3,9,海马多鞭丸,02006753
RX,J4,1,他达拉非片（神度（千威）（齐鲁）QL,01003480
RX,J4,2,枸橼酸西地那非片（万艾可）,01001257
RX,J4,3,枸橼酸西地那非片（万艾可）,01003186
RX,J4,3,枸橼酸西地那非片（万艾可）,10080094
RX,J4,5,他达拉非片（家庭药师）,01005650
RX,J4,6,枸橼酸西地那非片（特耐伸）,01003785
RX,J4,7,枸橼酸西地那非片（金戈）（白云山）SY,01009505
RX,J4,8,他达拉非片(杰士邦),01009641
RX,J4,9,枸橼酸西地那非片（伟哥）（有时力）,01009688
RX,J4,10,盐酸达泊西汀片（艾时达）,01005541
RX,J4,11,他达拉非片(杰士邦)ds,01004563
RX,J4,12,他达拉非片（伟哥）（有时力）,01005654
RX,J4,13,盐酸达泊西汀片（超延）（积盛和）,01009760
RX,J4,14,枸橼酸西地那非片（子悦）（双鹤药业）YW,01005690
RX,J5,1,枸橼酸西地那非片(千威)（齐鲁）QL,01004923
RX,J5,2,他达拉非片（森迪）,01004138
RX,J5,3,他达拉非（森迪）,01004126
RX,J5,4,他达拉非片（鲁抗）,01004357
RX,J5,5,枸橼酸西地那非片（金戈）（白云山）,01005516
RX,J5,7,枸橼酸西地那非片（金戈）（白云山）SY,01009503
RX,J5,7,盐酸达泊西汀片（白云山）BYS,01004410
RX,J5,9,枸橼酸西地那非片（伟哥）（有时力）,01009687
RX,J5,9,盐酸达泊西汀片（爱廷玖)30mg*1片,01003662
RX,J5,10,盐酸达泊西汀片（杰士邦）,01005659
RX,J5,11,盐酸达泊西汀片（爱廷玖),01009769
RX,J5,12,他达拉非片（艾战）,01005686
RX,J5,13,盐酸伐地那非片,01005542
RX,J6,1,枸橼酸西地那非片(千威)（齐鲁）QL,01004924
RX,J6,2,多巴丝肼片（美多芭）,10013008
RX,J6,3,枸橼酸西地那非片(千威)（齐鲁）QL,01009531
RX,J6,4,左甲状腺素钠片（优甲乐）,10013182
RX,J6,5,他达拉非片（白云山）（金戈）（超级码力）,01010067
RX,J6,7,盐酸达泊西汀片（（劲他）（齐鲁）QL,01009532
RX,J6,8,他达拉非片（伟哥）（有时力）,01005653
RX,J6,8,他达拉非片（白云山）（金戈）（超级码力）,01010066
RX,J6,9,他达拉非片（积盛和）,01009758
RX,J6,10,盐酸达泊西汀片（伟哥）（有时力）,01005655
RX,J6,11,他达拉非片（千金顶）,01003893
RX,J6,12,枸橼酸西地那非片（子悦）（双鹤药业）YW,01005689
RX,J7,1,至灵胶囊（至灵）,02003891
RX,J7,2,左甲状腺素钠片（雷替斯）,10013000
RX,J7,3,滋补生发片（汇善堂)）HC,02005707
RX,J7,4,甲巯咪唑片（赛治）,40010015
RX,J7,5,长春胺缓释胶囊（奥勃兰）,40010016
RX,J7,6,地榆升白片（地奥）,10033320
RX,J7,7,氟哌噻吨美利曲辛片（黛力新）,10010429
RX,J8,1,盐酸左西替利嗪口服溶液(华邦),01005336
RX,J8,2,盐酸左西替利嗪片（金适迪）（齐鲁）QL,01003895
RX,J8,3,地氯雷他定干混悬剂（芙必叮）,01001510
RX,J8,4,盐酸左西替利嗪片(中大),01003029
RX,J8,5,盐酸左西替利嗪胶囊 （安泰邦）YK,01009810
RX,J8,6,复方地西泮片（益民）,01009628
RX,J8,7,特非那定片（敏迪）,10020216
RX,J8,8,苯磺贝他斯汀片（华邦)（迪皿）,01005465
RX,J8,9,盐酸舍曲林片（左洛复）,10080098
RX,J9,1,肠内营养粉剂（TP）(安素),10440148
RX,J9,2,盐酸左西替利嗪口服溶液(善举)HC,01009593
RX,J9,3,依巴斯汀片（乐赛仙）HC,01009995
RX,J9,4,依巴斯汀片（仁和G）,01005225
RX,J9,5,依巴斯汀片（畅然）LJY,01004143
RX,J9,6,盐酸左西替利嗪片（家庭药师）,01005069
RX,J9,7,依巴斯汀片（苏迪）,01000160
RX,J9,8,苯磺贝他斯汀片（华邦)（迪皿）,01005465
RX,J10,1,盐酸左西替利嗪片（迪皿）,20030010
RX,J10,2,依巴斯汀片（思金）,01001755
RX,J10,3,盐酸依匹斯汀胶囊（凯莱止）,01003535
RX,J10,4,维生素B12片（安泰邦）YK,01009660
RX,J10,5,叶酸片（力生）,01003928
RX,J10,6,复方地西泮片（益民）,01009628
RX,J10,7,维生素B12片（尧华）,10051221
RX,J10,8,胱氨酸片（汾河）,01002380
RX,J10,9,醋酸甲羟孕酮片（仙琚）,10060078
RX,J10,10,联苯双酯滴丸（扶健）,10014093
RX,J10,11,盐酸苯海索片,01002364
RX,J11,1,复方营养混悬剂（海汇要素）（整蛋白型肠内营养剂）,01005611
RX,J11,2,参芪博力康片（福爱康）,02006904
RX,J11,3,和络舒肝片（摩美得）,02007018
RX,J11,4,贞芪扶正颗粒（善举）HC,02007310
RX,J11,5,参芪博力康片（福爱康）,02007294
RX,K1,1,酒石酸伐尼克兰片（家庭药师）,01005055
RX,K1,2,酒石酸伐尼克兰片（家庭药师）,01005056
RX,K1,3,复方甘草酸苷胶囊（泊松）,01004891
RX,K1,4,热淋清片（中大舒通）,02007029
RX,K1,5,益肝灵片,02005996
RX,K1,6,非那雄胺片（康恩贝）ZM,01003130
RX,K2,1,前列舒通胶囊(367步长),10070364
RX,K2,2,翁沥通胶囊（福爱康）,02006896
RX,K2,3,清淋颗粒（中大）,02003589
RX,K2,4,痔速宁片（元典）YK,02006961
RX,K2,5,水飞蓟宾葡甲胺片（协力甘宝）,01003375
RX,K2,6,非那雄胺片（千诺林）,01004601
RX,K2,7,盐酸坦索罗辛缓释胶囊（家庭药师）,01005063
RX,K2,,清淋颗粒（中大）,02003589
RX,K2,,痔速宁片（元典）YK,02006961
RX,K2,,盐酸坦索罗辛缓释胶囊（家庭药师）,01005063
RX,K2,,翁沥通胶囊（福爱康）,02006896
RX,K3,1,前列舒通胶囊(367步长),10070364
RX,K3,,待补商品名（02007187）,02007187
RX,K3,,痔速宁片（仁和中方）,02003831
RX,K3,,痔速宁胶囊（九典）YF,02005242
RX,K3,,胸腺肽肠溶片（喜人）,01003779
RX,K4,1,肾石通颗粒（贵珍林）SQ,02007556
RX,K4,2,化痔胶囊（元典）YK,02005714
RX,K4,3,热淋清片（逍遥津）YF,02004316
RX,K4,4,盐酸坦索罗辛缓释胶囊（必坦）（前列康）（康恩贝）ZM,01002700
RX,K4,5,盐酸坦索罗辛缓释胶囊（恒瑞）,01002969
RX,K4,6,盐酸坦索罗辛缓释胶囊（乐赛仙）HC,01009980
RX,K4,7,前列安通胶囊（华纳大）YF,02004315
RX,K5,2,盐酸达泊西汀片（艾战）,01005240
RX,K5,3,消炎利胆片（白云山）ZM,02004348
RX,K5,4,消炎利胆片（善举）（乐赛仙）HC,02004815
RX,K5,5,利胆片（国风L）,02003974
RX,K5,6,扶正化瘀胶囊YW SY,01000687
RX,K5,7,护肝片（葵花）,10070032
RX,K5,8,胆宁片（亚宝）YF,02003728
RX,K5,9,胆石利通片（步长Ⅰ）,10070054
RX,K5,10,肾炎康复片（太阳）,10070293
RX,K5,11,消炎利胆片（惠州）YF,02003610
RX,K5,12,消炎利胆片（观鹤）,10070045
RX,K5,13,利胆排石片（国风L）,10070050
RX,K5,14,复方甘草酸苷片（派甘能）,01009680
RX,K5,,清淋颗粒（修正）,10030300
RX,K6,1,肾石通颗粒,10070278
RX,K6,2,普乐安片（前列康）（康恩贝）,02006899
RX,K6,3,痔速宁片（红石）,02005764
RX,K6,4,非那雄胺胶囊（福爱康）,01005488
RX,K6,5,加巴喷丁胶囊（快捷克）YYK,01009579
RX,K6,6,护肝片（桂龙）,02007265
RX,K6,7,护肝片（古方悬壶）YYK,02007134
RX,K7,1,利福平胶囊（康青）,10011329
RX,K7,1,肾石通颗粒（佳康）DSL,02006738
RX,K7,2,宁泌泰胶囊（宁泌泰）,10010083
RX,K7,3,复方胆通胶囊（善举）HC,02004128
RX,K7,4,地奥司明片（马应龙）,01000659
RX,K7,5,利胆片（万人）,02007254
RX,K7,6,草酸艾司西酞普兰片（百适可）,01004005
RX,K7,7,甲泼尼龙片（美卓乐）（瀚晖）,01009901
RX,K7,8,甲泼尼龙片（欣甲龙）,01004120
RX,K7,9,盐酸阿米替林片,0080023
RX,K7,10,盐酸苯海索片(MSPF)(套盒),01005527
RX,K8,1,护肝片（葵花）,02005220
RX,K8,2,盐酸普拉克索片（齐舒宁）QL,01003974
RX,K8,3,富马酸替诺福韦二吡呋酯片（纳信得）QL,01003792
RX,K8,4,迈之灵片,02003020
RX,K8,5,富马酸喹硫平片（舒思）,01002980
RX,K8,6,4/7恩替卡韦分散片（润众）,01000399
RX,K8,7,地奥司明片（葛泰）,01001058
RX,K8,8,普乐安片（前列康）（康恩贝）ZM,02003930
RX,K8,9,4+7盐酸帕罗西汀片（乐友）,10100276
RX,K8,10,养心生脉颗粒（山海关）,02004205
RX,K8,11,熊去氧胆酸胶囊（优思弗）,10008067
RX,K8,12,贞芪扶正颗粒（无糖型）（元典）YK,02007311
RX,K8,13,枸橼酸坦度螺酮胶囊（律康）,01003294
RX,K8,14,复方甘草酸苷片（派甘能）,01009680
RX,L1,1,盐酸西替利嗪滴剂（仙特明）,01009783
RX,L1,2,凉血解毒颗粒（福爱康）,02006897
RX,L1,3,鼻渊通窍颗粒（诺思通）,02005998
RX,L1,4,鼻渊通窍颗粒（鲁南）（诺思通）,02006034
RX,L1,5,辛芩颗粒（南京同仁堂）,02006063
RX,L1,6,糠酸莫米松鼻喷雾剂（逸青）YW,01002737
RX,L1,7,糠酸莫米松鼻喷雾剂（内舒拿）,01002461
RX,L1,8,盐酸氮卓斯汀鼻喷雾剂（敏奇）ZM（好医生w）,01002982
RX,L2,1,鼻炎宁颗粒（快速坦）,10090055
RX,L2,2,大败毒胶囊（善举）HC,02005580
RX,L2,3,消炎止咳片（葵花）BX,02002874
RX,L2,4,苏黄止咳胶囊（扬子江）,02002863
RX,L2,5,牛黄解毒片（广盛原）,02006976
RX,L2,6,化痰平喘片（颐君）,02005672
RX,L2,7,桉柠蒎肠溶胶囊（切诺）,01002777
RX,L3,1,磷酸奥司他韦胶囊（好娃娃）（999D）,01009923
RX,L3,2,消炎止咳片（云南白药）,02003660
RX,L3,3,胆木浸膏糖浆（黎母山）,02006707
RX,L3,4,消炎止咳片（达洛克）,02003497
RX,L3,5,磷酸奥司他韦胶囊（万汉靓力）,01004524
RX,L3,6,新癀片（鼎炉）,02004262
RX,L3,7,平消片（昊神）,02006527
RX,L4,1,炎可宁片（元典）YK,02005507
RX,L4,2,肺宁胶囊（返魂草胶囊） （元典）YK,02007345
RX,L4,3,牛黄解毒片（善举）HC,02005559
RX,L4,4,咳喘舒片（乐赛仙）HC,02005557
RX,L4,5,异维A酸软胶囊（泰尔丝）,01009610
RX,L4,6,消炎止咳片（康恩贝）,02004389
RX,L4,7,牛黄解毒片（葵花）BX,02002873
RX,L4,8,磷酸奥司他韦胶囊（快克清）ZY,01009884
RX,L4,9,磷酸奥司他韦胶囊（坦立舒）QL,01009851
RX,L4,10,磷酸奥司他韦胶囊（诺泰生物）,01009929
RX,L4,11,玛巴洛沙韦片（速福达）,01009872
RX,L5,1,金嗓散结胶囊（碑林）,02004869
RX,L5,2,强力枇杷胶囊（克快好）（仁和中方）,02007371
RX,L5,3,孟鲁司特钠咀嚼片（润沛）（齐鲁）QL,01003898
RX,L5,4,黄龙咳喘片（福爱康）,02007392
RX,L5,5,牛黄解毒片（医心诚）SQ,02007561
RX,L5,6,流感丸（藏王天宝）,02005492
RX,L5,7,牛黄解毒片（正尔）,02006561
RX,L5,8,口腔炎喷雾剂,01000787
RX,L6,1,消风止痒颗粒（善举）HC,02007242
RX,L6,2,清热散结片（惠州）,02001029
RX,L6,3,宣肺败毒颗粒（步长）,02005456
RX,L6,4,4/7孟鲁司特钠咀嚼片（平奇）,01001546
RX,L6,5,4/7孟鲁司特钠咀嚼片（顺尔宁）,01000370
RX,L6,6,消炎止咳片（愉泰）,02004376
RX,L6,7,牛黄解毒片（仁悦）,02005726
RX,L6,8,六神丸（雷允上）,01000198
RX,L6,9,磷酸奥司他韦胶囊（可威）,01002948
RX,L6,10,六神丸（雷氏）,10090011
RX,L7,1,连花清瘟颗粒（以岭）,02004540
RX,L7,2,清热暗疮胶囊（古方悬壶）YYK,02007130
RX,L7,3,孟鲁司特钠咀嚼片（仁和中方）,01009519
RX,L7,4,4/7孟鲁司特钠咀嚼片（平奇）(鲁南),01002847
RX,L7,5,孟鲁司特钠咀嚼片(状元娃)HC,01009956
RX,L7,6,牙痛宁滴丸（神奇）,02003369
RX,L7,7,玉叶清火片（九华华源）,02007374
RX,L7,8,皮肤病血毒丸（同仁堂）,10010488
RX,L8,1,大败毒胶囊 （元典）YK,01009796
RX,L8,2,化痰平喘片（古方悬壶）YYK,02007129
RX,L8,3,百蕊胶囊（悦康）,02004580
RX,L8,4,4+7孟鲁司特钠片（顺尔宁）,01000633
RX,L8,5,4/7孟鲁司特钠片（平奇）(鲁南),01002848
RX,L8,6,4/7孟鲁司特钠咀嚼片（顺尔宁）,01001016
RX,L8,7,喉症丸（白云山）,02002175
RX,L8,8,牛黄解毒片（同仁堂）,02002126
RX,L9,1,鲜竹沥,02006230
RX,L9,2,布地奈德福莫特罗吸入粉雾剂(II)(信必可都保)as,01001356
RX,L9,3,鲜竹沥（横峰）,30050051
RX,L9,4,牛黄清胃丸（同仁堂）,30020061
RX,L9,5,鲜竹沥（立乐仙）（中大）,02007025
RX,L9,6,牛黄解毒丸（同仁堂）,10010155
RX,L9,7,硫酸沙丁胺醇吸入气雾剂(硫沙),10090080
RX,L9,8,硫酸沙丁胺醇吸入气雾剂（万托林）,10160004
RX,L9,9,复方甲氧那明胶囊（阿斯美）,10104561
RX,L9,10,丹参酮胶囊,10031200
RX,L9,10,复方甘草片（套盒）,10010207
RX,L10,1,吸入用布地奈德混悬液（天晴速畅）,01004254
RX,L10,2,硫酸特布他林雾化吸入用溶液（博利康尼）as,01005397
RX,L10,3,沙美特罗替卡松吸入粉雾剂（舒利迭）,10100253
RX,L10,4,盐酸二氧丙嗪片(金不换),20030187
RX,L10,5,硫酸沙丁胺醇片（云鹏）,10010570
RX,L10,6,盐酸二氧丙嗪片（百宝）,01009560
RX,L10,7,诺氟沙星胶囊（蜀中）（依科）,01002065
RX,L10,8,鲜竹沥,02006230
RX,L10,9,氨茶碱片（云鹏）（套盒）,01004316
RX,L10,10,诺氟沙星胶囊（千汇）,01009915
RX,L11,1,去痛片（新华）,10010566
RX,L11,2,复方乙酰水杨酸片（解热止痛片）,01004550
RX,L11,3,安乃近片（东北制药）,01004403
